,Año,Trimestre,Provincia,pen_c_cien_hog,kpi_1
0,2024,1,Buenos Aires,81.1,
1,2023,4,Buenos Aires,80.96,0.17292490118577147
2,2023,3,Buenos Aires,80.64,0.39682539682538837
3,2023,2,Buenos Aires,79.67,1.217522279402534
4,2023,1,Buenos Aires,79.0,0.8481012658227869
5,2022,4,Buenos Aires,78.94,0.07600709399544246
6,2022,3,Buenos Aires,78.11,1.0626040199718325
7,2022,2,Buenos Aires,77.58,0.6831657643722624
8,2022,1,Buenos Aires,76.07814661157262,1.974093028442577
9,2021,4,Buenos Aires,75.66410602338475,0.5472087227990378
10,2021,3,Buenos Aires,71.68218940101933,5.5549595452350875
11,2021,2,Buenos Aires,70.00330336027972,2.398295452000373
12,2021,1,Buenos Aires,69.10524076185938,1.2995578750895518
13,2020,4,Buenos Aires,68.97702220170737,0.18588590237639047
14,2020,3,Buenos Aires,67.65618983090923,1.9522712912140843
15,2020,2,Buenos Aires,65.2205801358229,3.734418936498466
16,2020,1,Buenos Aires,64.32563101743429,1.3912791903215842
17,2019,4,Buenos Aires,64.25205288245421,0.11451483910512412
18,2019,3,Buenos Aires,69.35630106079125,-7.359458477843474
19,2019,2,Buenos Aires,67.84713982374198,2.2243549852946987
20,2019,1,Buenos Aires,66.24255522736811,2.4222866869588002
21,2018,4,Buenos Aires,64.60284663484316,2.5381367508356623
22,2018,3,Buenos Aires,64.44056759752046,0.25182744872183427
23,2018,2,Buenos Aires,62.78226651094991,2.641352691976038
24,2018,1,Buenos Aires,62.62621166168454,0.2491845588687313
25,2017,4,Buenos Aires,57.609615290258205,8.70791506964749
26,2017,3,Buenos Aires,55.62938339533962,3.559686938907319
27,2017,2,Buenos Aires,56.272144161691315,-1.1422361381944068
28,2017,1,Buenos Aires,58.57400244920328,-3.9298292608707874
29,2016,4,Buenos Aires,61.236587430356856,-4.348029654953721
30,2016,3,Buenos Aires,60.14329545468815,1.8178118897598314
31,2016,2,Buenos Aires,59.33852679105808,1.3562329689508645
32,2016,1,Buenos Aires,57.33590782254113,3.492783221842762
33,2015,4,Buenos Aires,58.29182182733718,-1.6398767011048427
34,2015,3,Buenos Aires,57.68868105608009,1.0455097260253974
35,2015,2,Buenos Aires,56.80280561439208,1.5595628281141822
36,2015,1,Buenos Aires,56.37048433026737,0.7669284542453048
37,2014,4,Buenos Aires,56.09433653019754,0.4922917662483966
38,2014,3,Buenos Aires,56.754739164071026,-1.1636079094017944
39,2014,2,Buenos Aires,55.06141695143392,3.0753335209856214
40,2014,1,Buenos Aires,54.570072879439756,0.900391086300502
41,2024,1,Capital Federal,119.53,
42,2023,4,Capital Federal,117.02,2.1449324901726246
43,2023,3,Capital Federal,116.4,0.5326460481099573
44,2023,2,Capital Federal,115.48,0.7966747488742654
45,2023,1,Capital Federal,122.59,-5.79982054001142
46,2022,4,Capital Federal,122.73,-0.11407153915098228
47,2022,3,Capital Federal,122.28,0.36800785083415344
48,2022,2,Capital Federal,121.31,0.7996043195119932
49,2022,1,Capital Federal,111.79786269174652,8.508335561370012
50,2021,4,Capital Federal,111.27002612891737,0.47437443954367364
51,2021,3,Capital Federal,111.27105514250894,-0.000924781013587769
52,2021,2,Capital Federal,110.14440203212098,1.02288730938809
53,2021,1,Capital Federal,108.4199392232935,1.590540283624315
54,2020,4,Capital Federal,108.31107489043508,0.1005108046139709
55,2020,3,Capital Federal,107.6759011657323,0.5898940411235903
56,2020,2,Capital Federal,106.41480599073645,1.1850749181515443
57,2020,1,Capital Federal,105.98017414181909,0.4101067510379375
58,2019,4,Capital Federal,106.24546751041055,-0.24969852814235352
59,2019,3,Capital Federal,112.6453878037209,-5.681475662778039
60,2019,2,Capital Federal,110.54556699485231,1.8995070231684337
61,2019,1,Capital Federal,109.19616455883845,1.2357599202000902
62,2018,4,Capital Federal,108.27314997057414,0.8524870556690742
63,2018,3,Capital Federal,108.44591411021922,-0.15930903534963328
64,2018,2,Capital Federal,106.53494128146691,1.7937521772349676
65,2018,1,Capital Federal,106.23567174586837,0.281703434148219
66,2017,4,Capital Federal,122.89742418734991,-13.557446424655472
67,2017,3,Capital Federal,121.85832590969336,0.8527101204612012
68,2017,2,Capital Federal,124.06139375642523,-1.7757884060671136
69,2017,1,Capital Federal,108.36920836560806,14.480298995888235
70,2016,4,Capital Federal,120.63133173632356,-10.164957307706839
71,2016,3,Capital Federal,120.77287775101534,-0.11720016722926332
72,2016,2,Capital Federal,120.03953504825309,0.6109176468131696
73,2016,1,Capital Federal,115.16005888884817,4.237125446518362
74,2015,4,Capital Federal,118.13036321153807,-2.5144291797113363
75,2015,3,Capital Federal,118.28921116431961,-0.13428777757329122
76,2015,2,Capital Federal,116.06627091860372,1.9152336231038376
77,2015,1,Capital Federal,114.89699714890288,1.0176713044863086
78,2014,4,Capital Federal,114.89676550801623,0.00020160783954987262
79,2014,3,Capital Federal,113.8005123324155,0.9633112831676369
80,2014,2,Capital Federal,113.1433524754098,0.5808205631422491
81,2014,1,Capital Federal,112.25412278926913,0.7921577079266721
82,2024,1,Catamarca,68.82,
83,2023,4,Catamarca,68.63,0.2768468599737691
84,2023,3,Catamarca,68.55,0.11670313639678818
85,2023,2,Catamarca,67.42,1.6760605161673028
86,2023,1,Catamarca,66.17,1.8890735983073899
87,2022,4,Catamarca,65.77,0.6081800212863094
88,2022,3,Catamarca,65.33,0.6735037501913328
89,2022,2,Catamarca,62.4,4.69551282051282
90,2022,1,Catamarca,58.20635083561171,7.2047965628907615
91,2021,4,Catamarca,55.2526999859741,5.345713151370695
92,2021,3,Catamarca,52.709793486001274,4.824352993620001
93,2021,2,Catamarca,52.34030966263861,0.7059259407217603
94,2021,1,Catamarca,48.899092927848244,7.037383576558286
95,2020,4,Catamarca,49.40688354549741,-1.0277730170565276
96,2020,3,Catamarca,47.15709898417198,4.770829015755517
97,2020,2,Catamarca,45.43181818181818,3.7975165234400823
98,2020,1,Catamarca,37.615427687460254,20.77974643623061
99,2019,4,Catamarca,36.43842912715547,3.2301023630780827
100,2019,3,Catamarca,30.883614526737205,17.986283942280263
101,2019,2,Catamarca,32.13095022019278,-3.8820379880072267
102,2019,1,Catamarca,32.190488956121285,-0.18495753826436917
103,2018,4,Catamarca,32.225346166025346,-0.10816706118369124
104,2018,3,Catamarca,32.91594537411041,-2.098068884961276
105,2018,2,Catamarca,32.8575008674866,0.17787264728231342
106,2018,1,Catamarca,32.79361613741535,0.19480843406702877
107,2017,4,Catamarca,28.620950093924897,14.579061945173319
108,2017,3,Catamarca,32.49092567790524,-11.910942834762125
109,2017,2,Catamarca,25.97712106768351,25.0751597655875
110,2017,1,Catamarca,25.659350838021506,1.2384188191976282
111,2016,4,Catamarca,26.543515589961913,-3.3310009329539447
112,2016,3,Catamarca,26.48067675746367,0.23730070448646107
113,2016,2,Catamarca,26.074188059740646,1.5589697243560765
114,2016,1,Catamarca,25.910217981190538,0.6328394406760353
115,2015,4,Catamarca,26.23945178859185,-1.2547282239503708
116,2015,3,Catamarca,25.863781184637624,1.4524968382324723
117,2015,2,Catamarca,25.45341804469818,1.612212313563607
118,2015,1,Catamarca,25.10946633078758,1.3698089373124898
119,2014,4,Catamarca,25.513779082747998,-1.584683910012406
120,2014,3,Catamarca,24.706121305327624,3.2690593858867314
121,2014,2,Catamarca,24.703118860058403,0.012154114167646848
122,2014,1,Catamarca,24.251751254585553,1.8611753053813165
123,2024,1,Chaco,46.7,
124,2023,4,Chaco,44.35,5.298759864712517
125,2023,3,Chaco,42.87,3.452297644040131
126,2023,2,Chaco,42.87,0.0
127,2023,1,Chaco,43.15,-0.6488991888760166
128,2022,4,Chaco,43.62,-1.0774873911049951
129,2022,3,Chaco,43.86,-0.5471956224350251
130,2022,2,Chaco,43.79,0.1598538479104825
131,2022,1,Chaco,44.05948009941883,-0.6116279602272998
132,2021,4,Chaco,44.04856389025934,0.024782213528426987
133,2021,3,Chaco,42.96241007967663,2.528149162415153
134,2021,2,Chaco,43.32762729293539,-0.8429199475649765
135,2021,1,Chaco,43.13649241708794,0.44309322603089196
136,2020,4,Chaco,43.030788649779105,0.24564682783098707
137,2020,3,Chaco,41.54192057806515,3.5840135723048396
138,2020,2,Chaco,39.83250279006581,4.291514889256895
139,2020,1,Chaco,37.483833369172615,6.265819714225876
140,2019,4,Chaco,36.835478630342415,1.7601365936809956
141,2019,3,Chaco,35.8460309754608,2.7602711596130804
142,2019,2,Chaco,34.14026097986763,4.996358980966953
143,2019,1,Chaco,32.635876579429485,4.609603167167142
144,2018,4,Chaco,32.59096087632982,0.13781644324666154
145,2018,3,Chaco,32.283100833077576,0.953626000315324
146,2018,2,Chaco,31.251704996034892,3.3002866153176083
147,2018,1,Chaco,30.829927645702472,1.3680776522717955
148,2017,4,Chaco,30.808158111236537,0.07066159030778124
149,2017,3,Chaco,29.975925647657625,2.776336161762343
150,2017,2,Chaco,29.045524775453423,3.2032503437172912
151,2017,1,Chaco,28.62166053842791,1.480921194129967
152,2016,4,Chaco,28.786656085255263,-0.573166769834946
153,2016,3,Chaco,28.910749068480953,-0.42922783817102417
154,2016,2,Chaco,28.5935505552226,1.109335871548202
155,2016,1,Chaco,28.07514644775236,1.846487634303121
156,2015,4,Chaco,28.35056623514143,-0.9714789648457791
157,2015,3,Chaco,27.963072793479412,1.3857326929834917
158,2015,2,Chaco,27.46453938839946,1.8151893903253498
159,2015,1,Chaco,26.649591220305552,3.0580137659783673
160,2014,4,Chaco,21.87078320023224,21.850191537825534
161,2014,3,Chaco,21.112666705262427,3.5908135412417987
162,2014,2,Chaco,20.95799636749445,0.7380015486970396
163,2014,1,Chaco,20.71853886384081,1.1557644350661935
164,2024,1,Chubut,84.89,
165,2023,4,Chubut,84.96,-0.08239171374763793
166,2023,3,Chubut,84.23,0.8666745815030152
167,2023,2,Chubut,82.49,2.1093465874651587
168,2023,1,Chubut,85.89,-3.9585516358132558
169,2022,4,Chubut,85.57,0.37396283744303777
170,2022,3,Chubut,84.38,1.4102867978193858
171,2022,2,Chubut,83.19,1.4304603918740206
172,2022,1,Chubut,88.05274093835774,-5.522532162584194
173,2021,4,Chubut,82.57340063871433,6.635720773590662
174,2021,3,Chubut,80.70973847657562,2.3090920591690427
175,2021,2,Chubut,72.29410481936469,11.640829744331686
176,2021,1,Chubut,68.9942808881567,4.782749944965992
177,2020,4,Chubut,68.35189915825622,0.9398154810785311
178,2020,3,Chubut,68.34389815720037,0.011706972051026315
179,2020,2,Chubut,57.344613387235526,19.18102524414822
180,2020,1,Chubut,51.26848941909703,11.851575962125379
181,2019,4,Chubut,51.145017855147124,0.24141464628989248
182,2019,3,Chubut,47.56624162293312,7.523773394971293
183,2019,2,Chubut,46.98798413626923,1.2306497018192775
184,2019,1,Chubut,42.99773633717796,9.280134581506113
185,2018,4,Chubut,42.61093609604538,0.9077487531856436
186,2018,3,Chubut,56.391745852269025,-24.43763630288306
187,2018,2,Chubut,54.90230333735512,2.7128962254312166
188,2018,1,Chubut,53.71560488248906,2.2092247820016957
189,2017,4,Chubut,51.46309626749354,4.376939551572042
190,2017,3,Chubut,46.21537746651841,11.354919268542025
191,2017,2,Chubut,35.54601117914412,30.01564995184136
192,2017,1,Chubut,35.662220237763016,-0.3258604143099447
193,2016,4,Chubut,36.07290546427898,-1.1384866875296336
194,2016,3,Chubut,36.17869442878647,-0.2924068051038233
195,2016,2,Chubut,36.12438565556337,0.15033826108745135
196,2016,1,Chubut,36.0927055378499,0.08777429467083922
197,2015,4,Chubut,36.89017827786587,-2.161748132549561
198,2015,3,Chubut,36.81180991463324,0.21288918804690943
199,2015,2,Chubut,36.58246720458481,0.6269197448215983
200,2015,1,Chubut,37.612780685907914,-2.739264320622604
201,2014,4,Chubut,40.24927468450274,-6.55041368884582
202,2014,3,Chubut,40.59867094427454,-0.8606100930037339
203,2014,2,Chubut,41.41020981991258,-1.9597555268792786
204,2014,1,Chubut,41.23521807972435,0.42437447487219065
205,2024,1,Córdoba,90.7,
206,2023,4,Córdoba,90.67,0.033087018859602
207,2023,3,Córdoba,90.05,0.688506385341482
208,2023,2,Córdoba,90.13,-0.08876067901919261
209,2023,1,Córdoba,88.84,1.4520486267447006
210,2022,4,Córdoba,89.03,-0.2134112097045914
211,2022,3,Córdoba,88.31,0.8153097044502308
212,2022,2,Córdoba,87.48,0.9487882944673047
213,2022,1,Córdoba,85.75745356313551,2.008625915642813
214,2021,4,Córdoba,84.50941853046088,1.476799928785204
215,2021,3,Córdoba,81.2845665540848,3.967360734131901
216,2021,2,Córdoba,80.11518795931242,1.459621608035504
217,2021,1,Córdoba,78.59028062380018,1.94032560185367
218,2020,4,Córdoba,78.07960876338194,0.6540399836861613
219,2020,3,Córdoba,75.22035723669207,3.801167172993892
220,2020,2,Córdoba,72.71358531242393,3.4474602146180056
221,2020,1,Córdoba,70.6880744339108,2.8654209281183136
222,2019,4,Córdoba,70.48295566244217,0.2910189698215706
223,2019,3,Córdoba,68.59234901069021,2.756293783519935
224,2019,2,Córdoba,68.07130938789848,0.7654320557029887
225,2019,1,Córdoba,65.5173840768055,3.898088037365833
226,2018,4,Córdoba,65.08926459112368,0.6577420844607333
227,2018,3,Córdoba,64.24210026029336,1.318705844606295
228,2018,2,Córdoba,63.2743661231958,1.5294252576365137
229,2018,1,Córdoba,63.51716965201617,-0.38226440213031027
230,2017,4,Córdoba,63.33262565207773,0.29138851901111223
231,2017,3,Córdoba,62.30700225296333,1.6460804757552314
232,2017,2,Córdoba,58.973528908003566,5.652490883087315
233,2017,1,Córdoba,57.65332959287443,2.2898925776739625
234,2016,4,Córdoba,57.696719154378975,-0.07520282286493597
235,2016,3,Córdoba,58.24381625803197,-0.9393222127294045
236,2016,2,Córdoba,57.54798052828644,1.2091401355144158
237,2016,1,Córdoba,55.283092783740216,4.096890442447112
238,2015,4,Córdoba,57.364881766079215,-3.6290303723244044
239,2015,3,Córdoba,57.08340378951846,0.4930994963065652
240,2015,2,Córdoba,55.86916350781819,2.1733639909076956
241,2015,1,Córdoba,54.69734650188214,2.1423653629993438
242,2014,4,Córdoba,54.69689679332299,0.0008221829491434256
243,2014,3,Córdoba,54.23361028299935,0.8542424299362346
244,2014,2,Córdoba,53.448126115625996,1.469619656401222
245,2014,1,Córdoba,52.517847544006315,1.771357005521165
246,2024,1,Corrientes,51.94,
247,2023,4,Corrientes,52.56,-1.1796042617960512
248,2023,3,Corrientes,52.78,-0.41682455475558705
249,2023,2,Corrientes,52.37,0.7828909681115213
250,2023,1,Corrientes,52.05,0.614793467819405
251,2022,4,Corrientes,51.64,0.7939581719597145
252,2022,3,Corrientes,48.21,7.114706492428955
253,2022,2,Corrientes,48.35,-0.28955532574974263
254,2022,1,Corrientes,47.644635141502334,1.4804706897277446
255,2021,4,Corrientes,45.51016102946347,4.690104503600852
256,2021,3,Corrientes,44.90088312664412,1.3569396866891599
257,2021,2,Corrientes,43.5411637336848,3.1228365903950315
258,2021,1,Corrientes,42.664128438821415,2.055673763782647
259,2020,4,Corrientes,42.42828394694903,0.5558662051175042
260,2020,3,Corrientes,41.750749470464434,1.6228079377686402
261,2020,2,Corrientes,40.30476267979574,3.5876325638149598
262,2020,1,Corrientes,38.729079942230904,4.068474489750753
263,2019,4,Corrientes,38.767440989262106,-0.09895171322199849
264,2019,3,Corrientes,38.48535113586719,0.7329798093800305
265,2019,2,Corrientes,38.15558588418795,0.8642646785195848
266,2019,1,Corrientes,35.13498688698812,8.597125728026025
267,2018,4,Corrientes,34.56627656869549,1.6452750332029573
268,2018,3,Corrientes,34.24993887383215,0.9236153560117242
269,2018,2,Corrientes,33.80975390881165,1.3019466696141093
270,2018,1,Corrientes,32.66346087317512,3.5094047139932
271,2017,4,Corrientes,32.51511831118755,0.45622642540571146
272,2017,3,Corrientes,32.16543574593796,1.08713765923021
273,2017,2,Corrientes,31.38612136835505,2.4829903906783932
274,2017,1,Corrientes,30.940600109644144,1.4399244265854951
275,2016,4,Corrientes,30.98107037649768,-0.13062901430363932
276,2016,3,Corrientes,31.066878826051184,-0.2762055693909909
277,2016,2,Corrientes,30.580162046616557,1.5916095496573006
278,2016,1,Corrientes,30.080785004133055,1.6601197156752667
279,2015,4,Corrientes,30.33643144533882,-0.8427043954276492
280,2015,3,Corrientes,30.16741240901903,0.5602702480019836
281,2015,2,Corrientes,29.584012668108493,1.9720101781170487
282,2015,1,Corrientes,28.95019128190928,2.1893512896934872
283,2014,4,Corrientes,23.56243099277512,22.865893127861863
284,2014,3,Corrientes,22.78753503515243,3.4005255786873043
285,2014,2,Corrientes,22.575613003243586,0.938721052129998
286,2014,1,Corrientes,22.316716713838876,1.1601002635130693
287,2024,1,Entre Ríos,69.31,
288,2023,4,Entre Ríos,69.94,-0.900772090363162
289,2023,3,Entre Ríos,68.84,1.5979081929110899
290,2023,2,Entre Ríos,64.43,6.844637591184225
291,2023,1,Entre Ríos,64.79,-0.5556413026701642
292,2022,4,Entre Ríos,64.01,1.2185596000624919
293,2022,3,Entre Ríos,63.67,0.534003455316481
294,2022,2,Entre Ríos,63.9,-0.3599374021909184
295,2022,1,Entre Ríos,63.70090347123158,0.312548987406964
296,2021,4,Entre Ríos,63.155361436165784,0.8638095367678311
297,2021,3,Entre Ríos,62.17940145385769,1.5695872901451684
298,2021,2,Entre Ríos,61.660264464787886,0.84193117492428
299,2021,1,Entre Ríos,60.439449728342346,2.019897173009922
300,2020,4,Entre Ríos,59.47430676097378,1.622789772476806
301,2020,3,Entre Ríos,58.1901640924315,2.206803655859259
302,2020,2,Entre Ríos,56.538654739709614,2.9210269687615322
303,2020,1,Entre Ríos,56.12006051437216,0.7458905452004101
304,2019,4,Entre Ríos,57.99221691704514,-3.228289074292505
305,2019,3,Entre Ríos,57.90009945796624,0.1590972380725769
306,2019,2,Entre Ríos,57.47823458872391,0.7339558569620646
307,2019,1,Entre Ríos,56.78815996169284,1.2151734225876742
308,2018,4,Entre Ríos,54.37477348639939,4.43843039805417
309,2018,3,Entre Ríos,50.222013858377494,8.268803476762967
310,2018,2,Entre Ríos,49.20261187052838,2.0718452722216583
311,2018,1,Entre Ríos,48.68120241785722,1.071069379502209
312,2017,4,Entre Ríos,47.885245293746834,1.662217911232729
313,2017,3,Entre Ríos,45.95812167017718,4.193216679741269
314,2017,2,Entre Ríos,45.38933102824724,1.2531373101224161
315,2017,1,Entre Ríos,44.907273687041226,1.0734504716662896
316,2016,4,Entre Ríos,45.208402854677,-0.6660911437277603
317,2016,3,Entre Ríos,45.43514088447326,-0.4990367045912476
318,2016,2,Entre Ríos,44.73887454518738,1.5562893487243135
319,2016,1,Entre Ríos,43.84596814466226,2.0364618192010924
320,2015,4,Entre Ríos,44.10854807300098,-0.5953039485773735
321,2015,3,Entre Ríos,43.67718163526334,0.9876242504378414
322,2015,2,Entre Ríos,42.93197901645878,1.735775139829607
323,2015,1,Entre Ríos,42.06519337351208,2.060576865177342
324,2014,4,Entre Ríos,36.0254708519679,16.765145267252645
325,2014,3,Entre Ríos,34.981647333712985,2.983917561963842
326,2014,2,Entre Ríos,34.687432371459764,0.848188932240763
327,2014,1,Entre Ríos,34.367121821250166,0.9320261145975305
328,2024,1,Formosa,39.61,
329,2023,4,Formosa,39.23,0.9686464440479291
330,2023,3,Formosa,38.86,0.9521358723623197
331,2023,2,Formosa,38.32,1.4091858037578266
332,2023,1,Formosa,38.79,-1.2116524877545731
333,2022,4,Formosa,39.41,-1.5732047703628456
334,2022,3,Formosa,43.76,-9.940585009140772
335,2022,2,Formosa,43.42,0.7830492860432895
336,2022,1,Formosa,34.955686995751336,24.214408960915158
337,2021,4,Formosa,34.4545746388443,1.4544145796595591
338,2021,3,Formosa,33.962033540684324,1.4502697477462383
339,2021,2,Formosa,33.22548419322613,2.216820507941186
340,2021,1,Formosa,32.732955756327215,1.504686715631266
341,2020,4,Formosa,32.487381907596735,0.7559053217306373
342,2020,3,Formosa,31.905623310186538,1.8233732397400244
343,2020,2,Formosa,31.1394362262631,2.460504032109717
344,2020,1,Formosa,30.228303962606848,3.0141693188719603
345,2019,4,Formosa,30.471313480544048,-0.7975026022175294
346,2019,3,Formosa,30.11243299777749,1.1918016813621348
347,2019,2,Formosa,30.418236006943307,-1.0053278865218038
348,2019,1,Formosa,29.677694630431926,2.495279319142327
349,2018,4,Formosa,29.73653915732,-0.19788626570415146
350,2018,3,Formosa,29.576573428878444,0.540852809830113
351,2018,2,Formosa,29.434226520796997,0.4836101535770609
352,2018,1,Formosa,21.404310259211442,37.51541705544958
353,2017,4,Formosa,21.270976689249718,0.6268333227458744
354,2017,3,Formosa,21.350384380070757,-0.37192628201654937
355,2017,2,Formosa,19.965076445261992,6.9386558003263685
356,2017,1,Formosa,19.842489178645863,0.6178018569769748
357,2016,4,Formosa,19.84823607816392,-0.02895420779673704
358,2016,3,Formosa,18.639708302862847,6.483619569923521
359,2016,2,Formosa,19.370070664563997,-3.77057148809111
360,2016,1,Formosa,19.041878369434937,1.7235289962562623
361,2015,4,Formosa,19.06549151678632,-0.12385281192773506
362,2015,3,Formosa,18.836751773785252,1.2143268953588937
363,2015,2,Formosa,18.36026720527858,2.5951940850277198
364,2015,1,Formosa,18.12270367397183,1.3108614232209783
365,2014,4,Formosa,17.956311361695214,0.9266508523101729
366,2014,3,Formosa,17.771314831468263,1.0409839225816353
367,2014,2,Formosa,17.54041175485166,1.3164062500000029
368,2014,1,Formosa,17.418451079368708,0.7001809456376356
369,2024,1,Jujuy,57.65,
370,2023,4,Jujuy,57.78,-0.224991346486678
371,2023,3,Jujuy,57.61,0.2950876583926431
372,2023,2,Jujuy,57.78,-0.2942194530979607
373,2023,1,Jujuy,58.2,-0.7216494845360854
374,2022,4,Jujuy,58.46,-0.4447485460143654
375,2022,3,Jujuy,58.91,-0.7638771006620196
376,2022,2,Jujuy,57.32,2.773900907187712
377,2022,1,Jujuy,58.06462866426784,-1.282413547451268
378,2021,4,Jujuy,56.921070514870486,2.009024319208131
379,2021,3,Jujuy,55.6892647441935,2.2119267983429793
380,2021,2,Jujuy,56.182157011467694,-0.8773110423182684
381,2021,1,Jujuy,55.63244789620541,0.9881088034951921
382,2020,4,Jujuy,53.45659123390888,4.070324373613128
383,2020,3,Jujuy,54.04441923820905,-1.0876756797204703
384,2020,2,Jujuy,47.887810227872784,12.85631767466547
385,2020,1,Jujuy,46.670230639987786,2.6088998729776085
386,2019,4,Jujuy,45.37754633175065,2.848731173753756
387,2019,3,Jujuy,44.322486842913605,2.3804158204758568
388,2019,2,Jujuy,44.511922790626045,-0.42558473288944004
389,2019,1,Jujuy,46.40843874036665,-4.0865756341227435
390,2018,4,Jujuy,46.53226639132679,-0.2661113686549882
391,2018,3,Jujuy,23.263700137195517,100.02091720967456
392,2018,2,Jujuy,23.432202729854474,-0.7191069256338891
393,2018,1,Jujuy,23.121260875677535,1.3448308716763568
394,2017,4,Jujuy,22.742083716267025,1.6672929540721506
395,2017,3,Jujuy,22.64536299508256,0.42711049147442415
396,2017,2,Jujuy,22.403415894624064,1.0799562959350055
397,2017,1,Jujuy,22.756985962232346,-1.5536770475451738
398,2016,4,Jujuy,22.651387008241425,0.4661919994236984
399,2016,3,Jujuy,22.605154265256864,0.2045230147162434
400,2016,2,Jujuy,21.888281043576683,3.2751462769186004
401,2016,1,Jujuy,21.41001128856396,2.2338603589068957
402,2015,4,Jujuy,21.47147379391073,-0.286251917016513
403,2015,3,Jujuy,21.2703333470887,0.9456384323640954
404,2015,2,Jujuy,20.287219077594944,4.84597847409999
405,2015,1,Jujuy,19.68971363262363,3.0346070853022256
406,2014,4,Jujuy,19.59941818052116,0.4607047580229209
407,2014,3,Jujuy,18.368534215570367,6.701046204913913
408,2014,2,Jujuy,18.706060999413573,-1.8043712348301826
409,2014,1,Jujuy,18.41535244687765,1.5786206284920248
410,2024,1,La Pampa,100.49,
411,2023,4,La Pampa,99.96,0.5302120848339347
412,2023,3,La Pampa,99.0,0.9696969696969635
413,2023,2,La Pampa,98.35,0.6609049313675707
414,2023,1,La Pampa,96.55,1.8643190056965273
415,2022,4,La Pampa,94.8,1.8459915611814346
416,2022,3,La Pampa,96.59,-1.8531939124132997
417,2022,2,La Pampa,92.98,3.8825553882555384
418,2022,1,La Pampa,91.66332531408715,1.4364247439215547
419,2021,4,La Pampa,89.56734270241313,2.3401192314456676
420,2021,3,La Pampa,84.27996309653611,6.273590319232509
421,2021,2,La Pampa,82.08000672325404,2.6802585198361037
422,2021,1,La Pampa,81.77676345752207,0.3708183754294639
423,2020,4,La Pampa,81.76793248945148,0.01080003835455007
424,2020,3,La Pampa,79.26447706670275,3.1583573315471667
425,2020,2,La Pampa,76.10158288987562,4.156147686709841
426,2020,1,La Pampa,75.76678781291396,0.44187576987999333
427,2019,4,La Pampa,76.92418969170417,-1.5046006768856865
428,2019,3,La Pampa,77.45269423291748,-0.6823578526835722
429,2019,2,La Pampa,77.08313750288404,0.47942616505407637
430,2019,1,La Pampa,76.35457433780647,0.9541840438455969
431,2018,4,La Pampa,73.49404828314209,3.892187355966507
432,2018,3,La Pampa,71.75023651844843,2.430391660444619
433,2018,2,La Pampa,71.04033787278055,0.9992895120222653
434,2018,1,La Pampa,71.75163692275797,-0.9913349443764468
435,2017,4,La Pampa,71.04976106378558,0.9878651925968764
436,2017,3,La Pampa,69.13993701142644,2.7622588838105444
437,2017,2,La Pampa,63.49352648099681,8.892891674743503
438,2017,1,La Pampa,62.66928104575163,1.3152303991543197
439,2016,4,La Pampa,63.016182768654026,-0.5504962497902255
440,2016,3,La Pampa,61.73178543650905,2.080609402535385
441,2016,2,La Pampa,60.43686025737927,2.1426082917199
442,2016,1,La Pampa,57.84086865504526,4.4881615070757945
443,2015,4,La Pampa,58.75633720012275,-1.5580762666662196
444,2015,3,La Pampa,57.96395975091518,1.367017458111219
445,2015,2,La Pampa,56.70766522530004,2.215387497658157
446,2015,1,La Pampa,55.50803232733774,2.1611879356269004
447,2014,4,La Pampa,51.273133452228585,8.259489112470233
448,2014,3,La Pampa,55.78120173850417,-8.081698037645173
449,2014,2,La Pampa,49.70759616034458,12.218666858416617
450,2014,1,La Pampa,48.42532103828204,2.647943461332656
451,2024,1,La Rioja,80.03,
452,2023,4,La Rioja,80.22,-0.23684866616803507
453,2023,3,La Rioja,80.44,-0.2734957732471393
454,2023,2,La Rioja,80.01,0.5374328208973785
455,2023,1,La Rioja,79.74,0.3386004514672815
456,2022,4,La Rioja,79.86,-0.15026296018032123
457,2022,3,La Rioja,80.66,-0.9918175055789701
458,2022,2,La Rioja,80.14,0.6488644871474869
459,2022,1,La Rioja,78.77459866564503,1.7333015432428294
460,2021,4,La Rioja,77.9234900964576,1.0922362026314358
461,2021,3,La Rioja,77.26016061386845,0.8585660155488707
462,2021,2,La Rioja,76.9786615851933,0.36568449344058546
463,2021,1,La Rioja,49.80693519079345,54.554102335978286
464,2020,4,La Rioja,50.11061211701148,-0.6060132043666107
465,2020,3,La Rioja,50.118113236302676,-0.014966882842998363
466,2020,2,La Rioja,49.83993501839552,0.558143219497539
467,2020,1,La Rioja,46.346631384166976,7.5373409671839395
468,2019,4,La Rioja,47.13589011052434,-1.6744326340432134
469,2019,3,La Rioja,47.94290512174643,-1.6832834997644528
470,2019,2,La Rioja,48.704939144243156,-1.564592905536561
471,2019,1,La Rioja,50.184587883262736,-2.948412653027015
472,2018,4,La Rioja,50.347993917417234,-0.3245532173983398
473,2018,3,La Rioja,50.73304318059562,-0.7589713508959415
474,2018,2,La Rioja,50.97789073923241,-0.4803014700809326
475,2018,1,La Rioja,51.44351011244806,-0.9051080927368214
476,2017,4,La Rioja,51.56847440546175,-0.24232691475638218
477,2017,3,La Rioja,51.46525230494696,0.2005665879245477
478,2017,2,La Rioja,16.203445806143563,217.6191837259321
479,2017,1,La Rioja,16.19552414605418,0.04891265029735805
480,2016,4,La Rioja,16.45531638401623,-1.5787738861976355
481,2016,3,La Rioja,17.074559106484113,-3.626698168930905
482,2016,2,La Rioja,16.878902611111524,1.15917782026769
483,2016,1,La Rioja,16.83351837249417,0.2696063746929637
484,2015,4,La Rioja,17.315778648410653,-2.7850914804847613
485,2015,3,La Rioja,17.151129442032545,0.9599904597221438
486,2015,2,La Rioja,16.883190981963825,1.5870131443455
487,2015,1,La Rioja,16.703201787413843,1.0775730116941253
488,2014,4,La Rioja,17.01075088723615,-1.8079689830333896
489,2014,3,La Rioja,16.50671327406722,3.053531037949237
490,2014,2,La Rioja,16.502564816345664,0.025138260432381827
491,2014,1,La Rioja,16.294104815837528,1.2793584113041763
492,2024,1,Mendoza,52.59,
493,2023,4,Mendoza,52.15,0.84372003835092
494,2023,3,Mendoza,52.03,0.23063617143954918
495,2023,2,Mendoza,52.09,-0.11518525628719961
496,2023,1,Mendoza,51.4,1.3424124513618771
497,2022,4,Mendoza,51.36,0.07788161993769305
498,2022,3,Mendoza,51.03,0.6466784244561988
499,2022,2,Mendoza,49.39,3.3205102247418514
500,2022,1,Mendoza,48.73524093558345,1.3435022621145758
501,2021,4,Mendoza,47.505317090317746,2.5890235464113514
502,2021,3,Mendoza,45.54828468056102,4.2966105605991025
503,2021,2,Mendoza,40.97324182617088,11.165928421772865
504,2021,1,Mendoza,39.153661528996416,4.6472800400210765
505,2020,4,Mendoza,38.62957896227819,1.3566872350071297
506,2020,3,Mendoza,37.348633137232696,3.4296993422458693
507,2020,2,Mendoza,36.25224342110005,3.02433618630761
508,2020,1,Mendoza,33.14207670017271,9.384344707980025
509,2019,4,Mendoza,33.64903072027183,-1.5065932338838774
510,2019,3,Mendoza,40.73714258735342,-17.399629470531508
511,2019,2,Mendoza,40.754624235362655,-0.04289488208326723
512,2019,1,Mendoza,37.657164970282864,8.225418104427538
513,2018,4,Mendoza,37.757783845911696,-0.2664851200998841
514,2018,3,Mendoza,37.990597267996215,-0.612818536234606
515,2018,2,Mendoza,36.97287272406129,2.752625016537078
516,2018,1,Mendoza,37.07215110240331,-0.2677977279165351
517,2017,4,Mendoza,33.32562553415048,11.242176277872327
518,2017,3,Mendoza,35.70493177720565,-6.663802798733085
519,2017,2,Mendoza,31.75860536139077,12.42600665523073
520,2017,1,Mendoza,31.843012770179662,-0.2650735638555443
521,2016,4,Mendoza,32.10735338479002,-0.8233024112650111
522,2016,3,Mendoza,32.08835884566649,0.05919448612153237
523,2016,2,Mendoza,32.12597179442594,-0.11707956727391082
524,2016,1,Mendoza,32.12333888801278,0.008196241437854107
525,2015,4,Mendoza,32.48895249500142,-1.1253474763302695
526,2015,3,Mendoza,32.49199583186653,-0.009366420212718846
527,2015,2,Mendoza,32.49199583186653,0.0
528,2015,1,Mendoza,32.36588756051825,0.3896332863187516
529,2014,4,Mendoza,32.63838187615034,-0.8348891702600176
530,2014,3,Mendoza,32.313179561655694,1.0064076606083863
531,2014,2,Mendoza,32.098238150241194,0.6696361663479189
532,2014,1,Mendoza,31.91312298660578,0.580059694292868
533,2024,1,Misiones,56.76,
534,2023,4,Misiones,56.27,0.87080149280255
535,2023,3,Misiones,55.51,1.3691226805980996
536,2023,2,Misiones,55.18,0.598042769119243
537,2023,1,Misiones,53.97,2.2419862886788975
538,2022,4,Misiones,52.85,2.1192052980132403
539,2022,3,Misiones,51.82,1.9876495561559264
540,2022,2,Misiones,51.0,1.6078431372549025
541,2022,1,Misiones,49.04334199772953,3.98965062854211
542,2021,4,Misiones,49.06462073058497,-0.04336879107307224
543,2021,3,Misiones,45.57065365808786,7.6671427597067145
544,2021,2,Misiones,45.0128113119994,1.2392968353428648
545,2021,1,Misiones,43.172438905971845,4.262840952849168
546,2020,4,Misiones,42.64411416119227,1.2389159797821985
547,2020,3,Misiones,41.60448628544863,2.498835987568137
548,2020,2,Misiones,40.88779600969606,1.7528219803841085
549,2020,1,Misiones,39.01834755171205,4.791203562648018
550,2019,4,Misiones,39.78923684048622,-1.9374317026100343
551,2019,3,Misiones,39.33292986744382,1.160114373834337
552,2019,2,Misiones,39.14612554169944,0.47719748291665365
553,2019,1,Misiones,36.25716826552349,7.967961686966674
554,2018,4,Misiones,34.4507488777944,5.243483658764332
555,2018,3,Misiones,32.10366641805902,7.310948317152638
556,2018,2,Misiones,31.630907682221824,1.4946100838671497
557,2018,1,Misiones,30.95673588446963,2.1777870905647156
558,2017,4,Misiones,31.14218485379854,-0.5954911969071099
559,2017,3,Misiones,30.205990933031902,3.099365032725539
560,2017,2,Misiones,30.089248025085933,0.3879887853915087
561,2017,1,Misiones,29.522202363131044,1.9207430901667666
562,2016,4,Misiones,29.720149807797423,-0.6660378428322914
563,2016,3,Misiones,29.905385775898186,-0.6194067165321471
564,2016,2,Misiones,29.239512823021975,2.277305223607999
565,2016,1,Misiones,28.36765259095629,3.0734310118548116
566,2015,4,Misiones,28.686658891542372,-1.1120371382117773
567,2015,3,Misiones,28.306345093436885,1.343563772892977
568,2015,2,Misiones,27.34768244882168,3.5054621041810132
569,2015,1,Misiones,26.305604105190643,3.961430953890973
570,2014,4,Misiones,24.162430605588312,8.869858892038183
571,2014,3,Misiones,23.567356954345527,2.5249910390696613
572,2014,2,Misiones,23.367747601299843,0.85420878576496
573,2014,1,Misiones,23.13653864847733,0.9993238674780308
574,2024,1,Neuquén,79.5,
575,2023,4,Neuquén,79.91,-0.513077211863342
576,2023,3,Neuquén,79.97,-0.07502813555083442
577,2023,2,Neuquén,78.97,1.2663036596175763
578,2023,1,Neuquén,78.55,0.5346912794398495
579,2022,4,Neuquén,78.67,-0.15253590949536613
580,2022,3,Neuquén,80.37,-2.1152171208162285
581,2022,2,Neuquén,80.02,0.4373906523369265
582,2022,1,Neuquén,74.17305509992715,7.882842215674872
583,2021,4,Neuquén,73.30016254020012,1.19084669048082
584,2021,3,Neuquén,69.70653344501615,5.155369113310722
585,2021,2,Neuquén,69.14021084638621,0.8190929586375977
586,2021,1,Neuquén,66.84208942045272,3.438135231646866
587,2020,4,Neuquén,67.00234522048092,-0.23917938917041043
588,2020,3,Neuquén,65.24417025530218,2.6947617822388628
589,2020,2,Neuquén,63.898469033764314,2.105999160679091
590,2020,1,Neuquén,61.84749362355069,3.3161819340608503
591,2019,4,Neuquén,59.35590092822445,4.197716918388913
592,2019,3,Neuquén,64.13887269491578,-7.457212086408352
593,2019,2,Neuquén,63.080964327674394,1.6770643545429509
594,2019,1,Neuquén,58.87800433437489,7.138421284509598
595,2018,4,Neuquén,59.06916926636779,-0.32362894953008536
596,2018,3,Neuquén,60.48661674396911,-2.343406779719829
597,2018,2,Neuquén,60.23679161402031,0.4147384401705892
598,2018,1,Neuquén,61.517390351563726,-2.0816857318312145
599,2017,4,Neuquén,61.24232317785096,0.44914555725450445
600,2017,3,Neuquén,60.8304131050389,0.6771449539571549
601,2017,2,Neuquén,61.91013427666159,-1.7440136162484658
602,2017,1,Neuquén,61.02302006782746,1.4537369796645503
603,2016,4,Neuquén,60.873667228199054,0.2453488452872776
604,2016,3,Neuquén,60.21485088853954,1.094109393177799
605,2016,2,Neuquén,59.098285533662036,1.8893362891915233
606,2016,1,Neuquén,55.75393700425406,5.99840784185841
607,2015,4,Neuquén,58.2893377687955,-4.349681882813793
608,2015,3,Neuquén,54.59931489671118,6.758368450345868
609,2015,2,Neuquén,53.117336593231435,2.7900086836593876
610,2015,1,Neuquén,51.95443673810251,2.238307117043723
611,2014,4,Neuquén,52.554989697249574,-1.1427134942022368
612,2014,3,Neuquén,56.39541102706976,-6.8098117557415945
613,2014,2,Neuquén,50.84274905844866,10.921246532593624
614,2014,1,Neuquén,49.79160519138556,2.1110865235671534
615,2024,1,Río Negro,71.14,
616,2023,4,Río Negro,70.26,1.2524907486478727
617,2023,3,Río Negro,68.4,2.719298245614034
618,2023,2,Río Negro,68.56,-0.23337222870477917
619,2023,1,Río Negro,69.16,-0.8675534991324384
620,2022,4,Río Negro,68.42,1.081555100847698
621,2022,3,Río Negro,67.98,0.647249190938508
622,2022,2,Río Negro,67.85,0.19159911569640334
623,2022,1,Río Negro,67.03640754987029,1.2136575927408542
624,2021,4,Río Negro,65.69489961160652,2.0420275336363645
625,2021,3,Río Negro,61.967213114754095,6.015578738306817
626,2021,2,Río Negro,61.94204057417748,0.04063886230300639
627,2021,1,Río Negro,60.87924030325769,1.7457515330770694
628,2020,4,Río Negro,61.088615480454756,-0.3427400924875384
629,2020,3,Río Negro,57.052405915845014,7.0745650421181905
630,2020,2,Río Negro,56.369335248791955,1.2117770487061006
631,2020,1,Río Negro,55.11566865962362,2.2746101420098306
632,2019,4,Río Negro,55.70500968287489,-1.0579677242789227
633,2019,3,Río Negro,63.42470088700958,-12.171427056293474
634,2019,2,Río Negro,61.0942074999118,3.814589766306633
635,2019,1,Río Negro,53.57164978100252,14.042049758894898
636,2018,4,Río Negro,51.86140345426057,3.297724729432579
637,2018,3,Río Negro,50.54264808703746,2.609193259823128
638,2018,2,Río Negro,50.147894623963396,0.7871785366746643
639,2018,1,Río Negro,49.816861312232405,0.6645005385951654
640,2017,4,Río Negro,49.37562976824529,0.8936221088381584
641,2017,3,Río Negro,48.518658939500625,1.7662706420085665
642,2017,2,Río Negro,46.02080512293318,5.4276621408405274
643,2017,1,Río Negro,46.02953874119518,-0.018973942604779796
644,2016,4,Río Negro,46.38521035065572,-0.7667780457861143
645,2016,3,Río Negro,46.38796536215942,-0.005939065191138964
646,2016,2,Río Negro,46.240113078127436,0.3197489672704138
647,2016,1,Río Negro,45.83512638708331,0.8835727595119229
648,2015,4,Río Negro,46.43948111494307,-1.3013813103637326
649,2015,3,Río Negro,46.389186656745146,0.10841849539220583
650,2015,2,Río Negro,45.97612013432327,0.8984371043382277
651,2015,1,Río Negro,45.32694907202778,1.4321966856050856
652,2014,4,Río Negro,45.47806275120403,-0.3322781799280741
653,2014,3,Río Negro,46.196187157830146,-1.5545101247698898
654,2014,2,Río Negro,45.33491032014632,1.899809289577624
655,2014,1,Río Negro,44.913957131788514,0.9372435991837174
656,2024,1,Salta,56.3,
657,2023,4,Salta,56.98,-1.193401193401193
658,2023,3,Salta,57.57,-1.024839326037873
659,2023,2,Salta,57.48,0.15657620041754247
660,2023,1,Salta,57.67,-0.32946072481360295
661,2022,4,Salta,57.96,-0.5003450655624554
662,2022,3,Salta,57.76,0.34626038781163926
663,2022,2,Salta,57.54,0.3823427181091395
664,2022,1,Salta,56.10759340849759,2.5529638761613076
665,2021,4,Salta,56.81442605762217,-1.2441076997023548
666,2021,3,Salta,55.964278059584196,1.5190904403927765
667,2021,2,Salta,54.930090174788894,1.882734729734632
668,2021,1,Salta,53.93001926339093,1.8543863418881363
669,2020,4,Salta,54.04275200147659,-0.20859918103834008
670,2020,3,Salta,52.31571212848803,3.3011877363858333
671,2020,2,Salta,51.58158335340357,1.423238154700841
672,2020,1,Salta,49.59568027012866,4.004185591282265
673,2019,4,Salta,50.35463892238824,-1.5072268782015592
674,2019,3,Salta,44.47617792228716,13.217100197711385
675,2019,2,Salta,41.89319832036978,6.165629995983035
676,2019,1,Salta,40.09834441771615,4.476129697416211
677,2018,4,Salta,39.801610069738146,0.7455335285634964
678,2018,3,Salta,39.42741342068409,0.949077346417425
679,2018,2,Salta,39.93719209989731,-1.2764509781711233
680,2018,1,Salta,39.775591632918804,0.40628048595702826
681,2017,4,Salta,39.79624247145896,-0.05189142807883586
682,2017,3,Salta,39.839700806907416,-0.10908298648899763
683,2017,2,Salta,32.739420263626215,21.68725190033275
684,2017,1,Salta,32.57548931482305,0.5032340334748807
685,2016,4,Salta,32.69411973937546,-0.3628494221532241
686,2016,3,Salta,32.95583168118035,-0.7941293800039113
687,2016,2,Salta,32.08172602508202,2.7246216597415596
688,2016,1,Salta,31.315545971153234,2.4466444066936055
689,2015,4,Salta,31.593492648071866,-0.8797592593346729
690,2015,3,Salta,31.175945212858434,1.3393256639455988
691,2015,2,Salta,30.46112384270092,2.3466677521446653
692,2015,1,Salta,30.00978823344275,1.503961326708742
693,2014,4,Salta,29.534861619577978,1.6080204470975283
694,2014,3,Salta,29.2226843537979,1.0682703272586496
695,2014,2,Salta,28.914594000862877,1.065518516102379
696,2014,1,Salta,28.699559509630678,0.7492605980939889
697,2024,1,San Juan,51.62,
698,2023,4,San Juan,50.08,3.075079872204471
699,2023,3,San Juan,50.45,-0.7333994053518424
700,2023,2,San Juan,47.52,6.165824915824915
701,2023,1,San Juan,49.75,-4.482412060301502
702,2022,4,San Juan,50.88,-2.2209119496855396
703,2022,3,San Juan,50.8,0.15748031496064058
704,2022,2,San Juan,49.46,2.7092600080873357
705,2022,1,San Juan,43.54598160933163,13.58108870693371
706,2021,4,San Juan,39.588851864871685,9.995565817283076
707,2021,3,San Juan,39.4554480019856,0.3381126552646678
708,2021,2,San Juan,39.28402570062062,0.43636643217621174
709,2021,1,San Juan,39.055194335357605,0.5859178763728382
710,2020,4,San Juan,36.32088215575813,7.528209716585844
711,2020,3,San Juan,38.78995525412846,-6.36523832573265
712,2020,2,San Juan,35.09485776365026,10.528885785385402
713,2020,1,San Juan,32.392292136304725,8.343236767479466
714,2019,4,San Juan,32.85497572815534,-1.408260336817454
715,2019,3,San Juan,37.06231303554226,-11.352063491968627
716,2019,2,San Juan,35.59971733748176,4.1084475030945775
717,2019,1,San Juan,31.833058053465464,11.832539863716445
718,2018,4,San Juan,31.89625207025579,-0.19812364365297003
719,2018,3,San Juan,33.05141650392377,-3.4950527265021742
720,2018,2,San Juan,32.94664884868421,0.31799184105408607
721,2018,1,San Juan,32.60917745169287,1.0348969933119874
722,2017,4,San Juan,30.29992919128174,7.6212991978726325
723,2017,3,San Juan,32.36688935995978,-6.386032793237828
724,2017,2,San Juan,26.96461612024698,20.034675129887653
725,2017,1,San Juan,27.03676098842391,-0.2668399081081518
726,2016,4,San Juan,27.292421452197058,-0.9367452580964228
727,2016,3,San Juan,27.31712713599077,-0.09044027093596584
728,2016,2,San Juan,27.34078151409113,-0.08651683233037512
729,2016,1,San Juan,27.330794110004312,0.03654267800130305
730,2015,4,San Juan,27.6648539357743,-1.2075242708511251
731,2015,3,San Juan,27.66538565566005,-0.0019219680953225862
732,2015,2,San Juan,27.64305342045848,0.08078787412479807
733,2015,1,San Juan,27.553192759766446,0.3261352013740065
734,2014,4,San Juan,28.037145714560673,-1.726113491441793
735,2014,3,San Juan,27.854244478102746,0.6566368605032952
736,2014,2,San Juan,27.782697817958912,0.25752236378421883
737,2014,1,San Juan,27.59549302299609,0.678389021014473
738,2024,1,San Luis,102.7,
739,2023,4,San Luis,102.07,0.6172234740864208
740,2023,3,San Luis,98.55,3.571790969051239
741,2023,2,San Luis,93.41,5.502622845519753
742,2023,1,San Luis,90.17,3.5932128202284517
743,2022,4,San Luis,90.27,-0.11077877478674458
744,2022,3,San Luis,81.74,10.435527281624665
745,2022,2,San Luis,81.76,-0.02446183953034519
746,2022,1,San Luis,80.72423060601774,1.2830960248322891
747,2021,4,San Luis,80.29578283135379,0.5335868952966373
748,2021,3,San Luis,79.87043349212911,0.532549180751094
749,2021,2,San Luis,83.47810720063075,-4.321700418806786
750,2021,1,San Luis,81.23730177127507,2.75834546507305
751,2020,4,San Luis,81.67947806105701,-0.5413554301257962
752,2020,3,San Luis,79.96172209417188,2.1482228269947887
753,2020,2,San Luis,78.4096773527651,1.979404575820566
754,2020,1,San Luis,76.30854184641933,2.7534735371756587
755,2019,4,San Luis,74.92002603481464,1.8533306581600233
756,2019,3,San Luis,85.22608876849344,-12.092614928832411
757,2019,2,San Luis,81.789994425864,4.201118201253806
758,2019,1,San Luis,67.3379373977716,21.46198352159604
759,2018,4,San Luis,67.55045369760039,-0.31460380825886475
760,2018,3,San Luis,52.35311497551916,29.028528157661015
761,2018,2,San Luis,15.150424491351385,245.55543315241707
762,2018,1,San Luis,15.14879034827491,0.010787284257731022
763,2017,4,San Luis,10.586731069754228,43.092237334282174
764,2017,3,San Luis,15.477861790298098,-31.60081661673546
765,2017,2,San Luis,9.513970314868304,62.68562206999432
766,2017,1,San Luis,9.545500193678896,-0.3303114364972792
767,2016,4,San Luis,9.640682435370556,-0.9872977595698743
768,2016,3,San Luis,9.630539686885157,0.10531858873091575
769,2016,2,San Luis,9.603733851602321,0.27911888955943753
770,2016,1,San Luis,9.586346282770212,0.18137847642079033
771,2015,4,San Luis,9.705768984506312,-1.2304300867529352
772,2015,3,San Luis,9.70650326873876,-0.007564868749527677
773,2015,2,San Luis,9.707971837203658,-0.015127448755768299
774,2015,1,San Luis,9.716048963760594,-0.08313180169287106
775,2014,4,San Luis,9.786393366351197,-0.7187980286227812
776,2014,3,San Luis,9.711210759672754,0.7741836578261632
777,2014,2,San Luis,9.717910199871824,-0.06893910379165463
778,2014,1,San Luis,9.347207842190002,3.9659154256590057
779,2024,1,Santa Cruz,67.58,
780,2023,4,Santa Cruz,73.75,-8.366101694915256
781,2023,3,Santa Cruz,40.89,80.36194668623135
782,2023,2,Santa Cruz,41.66,-1.8482957273163612
783,2023,1,Santa Cruz,43.42,-4.05343159834179
784,2022,4,Santa Cruz,43.53,-0.2526992878474602
785,2022,3,Santa Cruz,43.19,0.7872192637184613
786,2022,2,Santa Cruz,43.15,0.09269988412514286
787,2022,1,Santa Cruz,43.33842311053054,-0.43477149606940674
788,2021,4,Santa Cruz,43.05121466117346,0.6671320463719815
789,2021,3,Santa Cruz,43.74732028012005,-1.591196019526065
790,2021,2,Santa Cruz,44.01491665543425,-0.607967470230709
791,2021,1,Santa Cruz,41.64783103990742,5.683574765895149
792,2020,4,Santa Cruz,36.99957245908797,12.56300619678574
793,2020,3,Santa Cruz,35.95152890784452,2.915157110369157
794,2020,2,Santa Cruz,35.79262396979603,0.44396001305347194
795,2020,1,Santa Cruz,35.97427628896549,-0.5049505866645533
796,2019,4,Santa Cruz,36.71136308535834,-2.0077892359350322
797,2019,3,Santa Cruz,35.62816097885956,3.040297553223456
798,2019,2,Santa Cruz,28.846063055322123,23.511346801573797
799,2019,1,Santa Cruz,23.66765499676892,21.87968372557464
800,2018,4,Santa Cruz,23.68919410065612,-0.09092375112331644
801,2018,3,Santa Cruz,32.72785029455932,-27.6176287551822
802,2018,2,Santa Cruz,33.33236451006607,-1.8135953581216717
803,2018,1,Santa Cruz,33.55275989857616,-0.6568621752019994
804,2017,4,Santa Cruz,28.912492882806827,16.049349444124648
805,2017,3,Santa Cruz,33.29182971658959,-13.154389143113102
806,2017,2,Santa Cruz,26.248619828709554,26.83268657111065
807,2017,1,Santa Cruz,26.52499173785465,-1.0419302364972105
808,2016,4,Santa Cruz,27.04676021484584,-1.9291348495957568
809,2016,3,Santa Cruz,26.835201895450698,0.788361198918375
810,2016,2,Santa Cruz,26.728911725319804,0.3976599242916692
811,2016,1,Santa Cruz,26.865862521449994,-0.509757674896337
812,2015,4,Santa Cruz,27.74476906647967,-3.1678279351459504
813,2015,3,Santa Cruz,27.606060983429437,0.5024551787141686
814,2015,2,Santa Cruz,27.072245027448233,1.9718200520125846
815,2015,1,Santa Cruz,27.994863943494483,-3.295672084381217
816,2014,4,Santa Cruz,27.802678969652344,0.6912462430398008
817,2014,3,Santa Cruz,28.231942904274984,-1.5204902336269557
818,2014,2,Santa Cruz,29.377007153054272,-3.8978247267105908
819,2014,1,Santa Cruz,28.939093063577776,1.513226722463004
820,2024,1,Santa Fe,80.4,
821,2023,4,Santa Fe,79.75,0.8150470219435808
822,2023,3,Santa Fe,79.09,0.8344923504867828
823,2023,2,Santa Fe,78.83,0.3298236711911774
824,2023,1,Santa Fe,78.13,0.8959426596697848
825,2022,4,Santa Fe,78.4,-0.3443877551020538
826,2022,3,Santa Fe,78.55,-0.19096117122850603
827,2022,2,Santa Fe,77.9,0.834403080872903
828,2022,1,Santa Fe,77.30458474758402,0.7702198444764272
829,2021,4,Santa Fe,77.08920179439227,0.27939445237246857
830,2021,3,Santa Fe,75.01704762728227,2.7622443599825126
831,2021,2,Santa Fe,75.06878626293008,-0.068921636040035
832,2021,1,Santa Fe,73.91656407026184,1.5588146001659136
833,2020,4,Santa Fe,73.58073807267776,0.4564047689388168
834,2020,3,Santa Fe,72.12060247348236,2.0245748775216708
835,2020,2,Santa Fe,70.002168637187,3.0262402973184446
836,2020,1,Santa Fe,69.52357940253133,0.6883840544007533
837,2019,4,Santa Fe,69.48235725596862,0.05932750152796766
838,2019,3,Santa Fe,68.87178057593026,0.8865411565266712
839,2019,2,Santa Fe,67.42291993321949,2.148914114289066
840,2019,1,Santa Fe,66.97409094791476,0.6701531576647752
841,2018,4,Santa Fe,65.58706886191564,2.1147798034995295
842,2018,3,Santa Fe,63.4096146162309,3.433949660257645
843,2018,2,Santa Fe,62.57079239957442,1.3405970813023935
844,2018,1,Santa Fe,62.28199844300957,0.46368768469931143
845,2017,4,Santa Fe,61.7127712196729,0.9223815623356884
846,2017,3,Santa Fe,60.90635563451515,1.3240253447388364
847,2017,2,Santa Fe,52.26961123969867,16.5234525185389
848,2017,1,Santa Fe,51.970107692080425,0.5762996478529219
849,2016,4,Santa Fe,52.19105023718895,-0.4233341619002227
850,2016,3,Santa Fe,52.67215036886248,-0.9133861600568607
851,2016,2,Santa Fe,52.436477259371124,0.4494449700074778
852,2016,1,Santa Fe,51.27734085407622,2.2605236269828093
853,2015,4,Santa Fe,52.60808978585806,-2.5295518943924256
854,2015,3,Santa Fe,52.14595474084349,0.8862337401075542
855,2015,2,Santa Fe,51.17653890867876,1.8942582926418594
856,2015,1,Santa Fe,50.24449475931921,1.8550174577816312
857,2014,4,Santa Fe,49.999623023482705,0.48974716413661473
858,2014,3,Santa Fe,49.19588444557267,1.6337516582291334
859,2014,2,Santa Fe,48.39035138670138,1.6646563535652832
860,2014,1,Santa Fe,47.84766256547095,1.1342013217215416
861,2024,1,Santiago Del Estero,49.41,
862,2023,4,Santiago Del Estero,49.08,0.6723716381418058
863,2023,3,Santiago Del Estero,48.67,0.8424080542428529
864,2023,2,Santiago Del Estero,47.14,3.2456512515910076
865,2023,1,Santiago Del Estero,47.55,-0.8622502628811707
866,2022,4,Santiago Del Estero,48.05,-1.040582726326743
867,2022,3,Santiago Del Estero,47.98,0.14589412255106354
868,2022,2,Santiago Del Estero,47.7,0.5870020964360462
869,2022,1,Santiago Del Estero,47.17273839324049,1.1177252470784316
870,2021,4,Santiago Del Estero,47.0459491943867,0.2695007774844098
871,2021,3,Santiago Del Estero,47.0,0.09776424337595904
872,2021,2,Santiago Del Estero,46.557275364921054,0.9509247085634233
873,2021,1,Santiago Del Estero,45.67308282365455,1.9359160507741515
874,2020,4,Santiago Del Estero,43.749256620689934,4.397391753748798
875,2020,3,Santiago Del Estero,43.37593131691913,0.8606738632149825
876,2020,2,Santiago Del Estero,43.46716682468362,-0.209895225360501
877,2020,1,Santiago Del Estero,42.466359187991806,2.356706945988474
878,2019,4,Santiago Del Estero,42.92077382358182,-1.058728897707676
879,2019,3,Santiago Del Estero,55.30391146854541,-22.391070208490785
880,2019,2,Santiago Del Estero,52.78997126317105,4.762154904085376
881,2019,1,Santiago Del Estero,37.519416746003905,40.700404861153835
882,2018,4,Santiago Del Estero,37.40072595129344,0.3173489061817595
883,2018,3,Santiago Del Estero,36.24961697805127,3.175506582425822
884,2018,2,Santiago Del Estero,35.256464211164236,2.8169380824426127
885,2018,1,Santiago Del Estero,34.9882694482421,0.7665276595599395
886,2017,4,Santiago Del Estero,29.126386109501063,20.125680256737667
887,2017,3,Santiago Del Estero,35.12104488438485,-17.06856613924112
888,2017,2,Santiago Del Estero,14.118988073971998,148.75043948177574
889,2017,1,Santiago Del Estero,14.702119493368587,-3.9663085289138804
890,2016,4,Santiago Del Estero,15.067847510433346,-2.427208111918575
891,2016,3,Santiago Del Estero,15.329646578472886,-1.7077958496915335
892,2016,2,Santiago Del Estero,15.888925047306124,-3.519926408917515
893,2016,1,Santiago Del Estero,16.205749206821952,-1.9550108759085238
894,2015,4,Santiago Del Estero,17.00497803803607,-4.699969793706497
895,2015,3,Santiago Del Estero,17.11882253135319,-0.6650252557301215
896,2015,2,Santiago Del Estero,17.110566632982863,0.04825029204124358
897,2015,1,Santiago Del Estero,17.0558169911586,0.3210027514521496
898,2014,4,Santiago Del Estero,17.26920158364512,-1.235636699548442
899,2014,3,Santiago Del Estero,16.49220390830193,4.711302865665274
900,2014,2,Santiago Del Estero,16.695567347354444,-1.2180684538686113
901,2014,1,Santiago Del Estero,16.309923503967603,2.3644736487760243
902,2024,1,Tierra Del Fuego,109.78,
903,2023,4,Tierra Del Fuego,110.49,-0.6425920897818751
904,2023,3,Tierra Del Fuego,105.95,4.285040113260965
905,2023,2,Tierra Del Fuego,106.38,-0.4042113179168948
906,2023,1,Tierra Del Fuego,104.23,2.062745850522874
907,2022,4,Tierra Del Fuego,101.44,2.7503943217665676
908,2022,3,Tierra Del Fuego,99.51,1.9395035674806476
909,2022,2,Tierra Del Fuego,99.86,-0.35049068696174074
910,2022,1,Tierra Del Fuego,98.29055038672794,1.5967451673604391
911,2021,4,Tierra Del Fuego,98.40061644865433,-0.11185505324940911
912,2021,3,Tierra Del Fuego,94.95386825985027,3.6299186667906063
913,2021,2,Tierra Del Fuego,67.88580775229184,39.872929856453844
914,2021,1,Tierra Del Fuego,77.34935609177366,-12.234812049700173
915,2020,4,Tierra Del Fuego,76.26583496977399,1.420716264929234
916,2020,3,Tierra Del Fuego,76.80909583946696,-0.7072871562352478
917,2020,2,Tierra Del Fuego,76.36948260742473,0.5756399245259444
918,2020,1,Tierra Del Fuego,76.06964979018785,0.3941556429717532
919,2019,4,Tierra Del Fuego,79.69536136377089,-4.549463747373461
920,2019,3,Tierra Del Fuego,96.46210963092378,-17.381693528479307
921,2019,2,Tierra Del Fuego,94.79803428023493,1.7553901442403657
922,2019,1,Tierra Del Fuego,93.37581922721242,1.523108514380817
923,2018,4,Tierra Del Fuego,93.59257086207943,-0.23159064108455815
924,2018,3,Tierra Del Fuego,92.77191839394062,0.884591460806101
925,2018,2,Tierra Del Fuego,91.60519629538562,1.2736418300909962
926,2018,1,Tierra Del Fuego,65.19963702359347,40.499549502456446
927,2017,4,Tierra Del Fuego,59.89413596263622,8.858131060220954
928,2017,3,Tierra Del Fuego,65.74180473434595,-8.89490149432221
929,2017,2,Tierra Del Fuego,68.46322075955756,-3.975004381942836
930,2017,1,Tierra Del Fuego,68.91974851288131,-0.6624048450183018
931,2016,4,Tierra Del Fuego,70.30526590539473,-1.970716381867928
932,2016,3,Tierra Del Fuego,68.94049249100736,1.9796397807361092
933,2016,2,Tierra Del Fuego,67.71824288255286,1.804904493127964
934,2016,1,Tierra Del Fuego,65.83304163135006,2.8636095256839202
935,2015,4,Tierra Del Fuego,66.46220433623792,-0.9466473632214688
936,2015,3,Tierra Del Fuego,74.85845784033849,-11.216172155200526
937,2015,2,Tierra Del Fuego,74.50787431664719,0.47053217784924545
938,2015,1,Tierra Del Fuego,74.23495170010268,0.3676470588235434
939,2014,4,Tierra Del Fuego,66.13781947338316,12.242817031453802
940,2014,3,Tierra Del Fuego,65.68610204476191,0.6876910252848117
941,2014,2,Tierra Del Fuego,64.35604517159936,2.0667162962175123
942,2014,1,Tierra Del Fuego,63.965925574153744,0.6098865824951832
943,2024,1,Tucumán,60.48,
944,2023,4,Tucumán,61.04,-0.9174311926605542
945,2023,3,Tucumán,61.26,-0.3591250408096619
946,2023,2,Tucumán,60.75,0.8395061728395029
947,2023,1,Tucumán,60.34,0.6794829300629708
948,2022,4,Tucumán,61.04,-1.146788990825681
949,2022,3,Tucumán,61.14,-0.1635590448151806
950,2022,2,Tucumán,59.31,3.0854830551340386
951,2022,1,Tucumán,57.39003227231194,3.345472465632951
952,2021,4,Tucumán,55.92599102424391,2.6178190520278246
953,2021,3,Tucumán,54.63604486100796,2.360980130456968
954,2021,2,Tucumán,54.928196510348045,-0.5318791948412966
955,2021,1,Tucumán,54.81892254125389,0.19933622192577802
956,2020,4,Tucumán,54.78340441369959,0.06483373557086852
957,2020,3,Tucumán,53.2281495112899,2.9218654352802886
958,2020,2,Tucumán,51.78074091030483,2.795264369608554
959,2020,1,Tucumán,47.84792325850032,8.219411385019368
960,2019,4,Tucumán,47.64902012521289,0.41743383759991176
961,2019,3,Tucumán,39.487600204016815,20.668310758388074
962,2019,2,Tucumán,40.13604621420884,-1.6156200506926466
963,2019,1,Tucumán,41.63074443134759,-3.5903711008666295
964,2018,4,Tucumán,41.75796963877769,-0.30467287689187766
965,2018,3,Tucumán,41.68101359528755,0.18463093109337367
966,2018,2,Tucumán,41.512563170017415,0.4057817981034743
967,2018,1,Tucumán,41.176009388866156,0.8173540519015485
968,2017,4,Tucumán,39.8968735176797,3.206105537617189
969,2017,3,Tucumán,39.69537916123259,0.5076015412995422
970,2017,2,Tucumán,38.18623365639289,3.9520669108644664
971,2017,1,Tucumán,37.90016075894098,0.7548065541764994
972,2016,4,Tucumán,37.9807622036193,-0.21221650120186783
973,2016,3,Tucumán,37.89736341023836,0.2200648960143907
974,2016,2,Tucumán,37.23568289338424,1.7770065309361864
975,2016,1,Tucumán,36.72477136636591,1.391190490803828
976,2015,4,Tucumán,37.06217328329588,-0.910367328842097
977,2015,3,Tucumán,36.61035952774264,1.2341145003256884
978,2015,2,Tucumán,35.68770560918727,2.5853551042458878
979,2015,1,Tucumán,35.07860688538978,1.7363823078480816
980,2014,4,Tucumán,35.32087516932818,-0.6859067981100906
981,2014,3,Tucumán,33.94375582221807,4.057062377901944
982,2014,2,Tucumán,33.94452688568229,-0.002271539876863263
983,2014,1,Tucumán,33.4209747934719,1.5665374677002526
