,Año,Trimestre,Provincia,ADSL,Cablemodem,Fibra_óptica,Wireless,Total,kpi_3
0,2024,1,Buenos Aires,203297,2790663,1799013,150290,5044557,
1,2023,4,Buenos Aires,223391,2797700,1784593,137993,5011620,0.8080273765502836
2,2023,3,Buenos Aires,237705,2784175,1740239,137921,4968237,2.548730375540371
3,2023,2,Buenos Aires,265537,2766463,1645945,138405,4885488,5.728867003453943
4,2023,1,Buenos Aires,304583,2761043,1551074,132458,4820928,6.116471554548655
5,2022,4,Buenos Aires,325908,2767247,1499149,129910,4794665,3.463631700384685
6,2022,3,Buenos Aires,339648,2748325,1436433,126846,4721668,4.366092953865582
7,2022,2,Buenos Aires,350652,2719613,1399043,126847,4667183,2.6725411584919123
8,2022,1,Buenos Aires,392045,2728865,1242121,125521,4555424,12.63339078882009
9,2021,4,Buenos Aires,426325,2706506,1176024,126887,4509157,5.620378495676959
10,2021,3,Buenos Aires,585729,2595485,885613,120228,4251609,32.79208864368522
11,2021,2,Buenos Aires,603255,2503830,854173,113546,4132351,3.6807531963665445
12,2021,1,Buenos Aires,629679,2452056,821597,98806,4060002,3.964960923664522
13,2020,4,Buenos Aires,635651,2441248,804991,93444,4033261,2.0628802061141056
14,2020,3,Buenos Aires,653930,2384557,749087,94162,3937277,7.462951566373466
15,2020,2,Buenos Aires,661272,2244277,723072,91736,3777546,3.5978436448929014
16,2020,1,Buenos Aires,673237,2210349,720688,85443,3708051,0.33079501809382145
17,2019,4,Buenos Aires,720011,2191672,669194,87111,3686254,7.694928525958093
18,2019,3,Buenos Aires,1277249,2144956,425386,85572,3960233,57.31453315341831
19,2019,2,Buenos Aires,1284658,2079900,382971,75240,3855698,11.07525112867554
20,2019,1,Buenos Aires,1304507,2020730,336362,64867,3746667,13.856797141175281
21,2018,4,Buenos Aires,1305576,1949637,296102,65477,3636606,13.59666601373851
22,2018,3,Buenos Aires,1435856,1929273,156382,62318,3610277,89.34532107275773
23,2018,2,Buenos Aires,1450203,1807868,143626,71256,3500699,8.881400303566208
24,2018,1,Buenos Aires,1452061,1793884,133928,64379,3475446,7.241204229138044
25,2017,4,Buenos Aires,1241172,1718013,131181,60082,3181896,2.0940532546634043
26,2017,3,Buenos Aires,1288025,1571180,124920,35058,3057960,5.012007684918348
27,2017,2,Buenos Aires,1378549,1535037,119132,21555,3078631,4.858476311990061
28,2017,1,Buenos Aires,1559178,1465817,118839,21200,3189376,0.2465520578261345
29,2016,4,Buenos Aires,1563542,1414676,118747,21394,3142701,0.07747564148989027
30,2016,3,Buenos Aires,1574216,1355770,113463,18867,3086592,4.657024756969232
31,2016,2,Buenos Aires,1579448,1305949,113070,21163,3045291,0.34757230034491904
32,2016,1,Buenos Aires,1583560,1200859,111231,21108,2942515,1.6533160719583568
33,2015,4,Buenos Aires,1586343,1223603,103269,20397,2959385,7.709961363042152
34,2015,3,Buenos Aires,1585467,1183894,113590,19989,2928765,-9.08618716436306
35,2015,2,Buenos Aires,1581770,1141052,115660,19268,2883790,-1.7897285146117932
36,2015,1,Buenos Aires,1583135,1096836,134177,18754,2861842,-13.800427793138914
37,2014,4,Buenos Aires,1575978,1070135,120528,17728,2816407,11.324339572547458
38,2014,3,Buenos Aires,1562533,1110628,124474,20049,2849565,-3.170139948904992
39,2014,2,Buenos Aires,1568881,1025490,120008,17020,2764546,3.7214185720951933
40,2014,1,Buenos Aires,1567685,1000879,120960,16528,2739876,-0.787037037037037
41,2024,1,Capital Federal,70108,1177475,203756,4493,1504711,
42,2023,4,Capital Federal,58700,1198835,182520,4492,1474367,11.634889327197019
43,2023,3,Capital Federal,60765,1205339,167428,4629,1467984,9.014023938648256
44,2023,2,Capital Federal,68348,1218631,136295,4504,1457678,22.842363989874904
45,2023,1,Capital Federal,132149,1223930,156222,4605,1548729,-12.755565797390892
46,2022,4,Capital Federal,138753,1238196,138548,4603,1551926,12.75658977394116
47,2022,3,Capital Federal,140791,1240125,129218,5758,1547679,7.22035629711031
48,2022,2,Capital Federal,145491,1232226,121506,5757,1536771,6.347011670205586
49,2022,1,Capital Federal,102290,1217225,62308,5784,1417541,95.00866662386852
50,2021,4,Capital Federal,111360,1205128,60005,5679,1412119,3.838013498875094
51,2021,3,Capital Federal,142902,1192107,42966,6059,1413405,39.65693804403482
52,2021,2,Capital Federal,148989,1175097,41318,5580,1400355,3.98857640737693
53,2021,1,Capital Federal,159805,1145093,39980,5559,1379673,3.346673336668334
54,2020,4,Capital Federal,163060,1142528,39890,4815,1379530,0.22562045625470042
55,2020,3,Capital Federal,170375,1129573,39417,3936,1372675,1.199989852094274
56,2020,2,Capital Federal,178896,1106133,39482,3937,1357821,-0.1646319841953295
57,2020,1,Capital Federal,184494,1097635,38898,3911,1353494,1.5013625379196875
58,2019,4,Capital Federal,196938,1093143,35534,3914,1358105,9.466989362300895
59,2019,3,Capital Federal,300288,1080973,24900,3895,1441211,42.70682730923695
60,2019,2,Capital Federal,309937,1061358,36082,3962,1415620,-30.990521589712323
61,2019,1,Capital Federal,328246,1030814,32281,3978,1399600,11.774728168272357
62,2018,4,Capital Federal,328253,1019490,33042,3978,1389020,-2.303129350523576
63,2018,3,Capital Federal,334353,1009252,35694,3872,1392490,-7.429820137838291
64,2018,2,Capital Federal,342431,977916,35610,3908,1369186,0.2358887952822241
65,2018,1,Capital Federal,349995,968483,35535,3164,1366570,0.21105951878429718
66,2017,4,Capital Federal,571363,961688,36277,3119,1582324,-2.045373101414119
67,2017,3,Capital Federal,583249,941092,33481,2814,1570359,8.35100504763896
68,2017,2,Capital Federal,615262,932466,38628,2819,1600191,-13.324531427979705
69,2017,1,Capital Federal,428801,918328,38259,2730,1399046,0.9644789461303223
70,2016,4,Capital Federal,434835,914952,38161,2583,1401459,0.25680668745577945
71,2016,3,Capital Federal,447726,905105,36796,2514,1403104,3.709642352429612
72,2016,2,Capital Federal,450644,892209,36669,2390,1394584,0.34634159644386264
73,2016,1,Capital Federal,454425,832126,36332,2284,1337896,0.927556974567874
74,2015,4,Capital Federal,455427,879950,19818,2273,1370226,83.32828741548087
75,2015,3,Capital Federal,454815,871262,30974,2229,1372068,-36.01730483631433
76,2015,2,Capital Federal,453178,858342,19786,2172,1346284,56.54503184069544
77,2015,1,Capital Federal,454934,841743,19334,1994,1332721,2.3378504189510707
78,2014,4,Capital Federal,455785,840224,17155,1962,1330520,12.701836199358787
79,2014,3,Capital Federal,450155,833402,17886,1995,1317825,-4.086995415408699
80,2014,2,Capital Federal,447637,828411,17729,1883,1310215,0.8855547408201252
81,2014,1,Capital Federal,445569,820161,17767,1866,1299918,-0.21387966454663138
82,2024,1,Catamarca,5901,11025,56542,1384,74933,
83,2023,4,Catamarca,6669,11016,55437,1384,74587,1.9932536031892059
84,2023,3,Catamarca,7164,11066,54650,1384,74355,1.4400731930466606
85,2023,2,Catamarca,7637,10700,53177,1384,72990,2.7699945465144706
86,2023,1,Catamarca,6980,10655,50230,1384,71492,5.867011745968545
87,2022,4,Catamarca,8952,10998,47337,1379,70909,6.11149840505313
88,2022,3,Catamarca,10010,10495,46224,1329,70293,2.407840083073728
89,2022,2,Catamarca,11928,9430,42087,1329,67008,9.829638605745242
90,2022,1,Catamarca,14181,15517,29118,1328,62378,44.53946012775602
91,2021,4,Catamarca,16385,13858,25100,1512,59090,16.00796812749004
92,2021,3,Catamarca,18413,11709,22331,1568,56254,12.399802964488828
93,2021,2,Catamarca,20305,9426,22331,1449,55744,0.0
94,2021,1,Catamarca,26316,4409,18688,322,51968,19.49379280821918
95,2020,4,Catamarca,26870,5115,17856,322,52396,4.659498207885305
96,2020,3,Catamarca,26868,3690,16857,261,49904,5.92632140950347
97,2020,2,Catamarca,26968,3641,14878,261,47976,13.301519021373839
98,2020,1,Catamarca,21945,3146,12056,261,39635,23.40743198407432
99,2019,4,Catamarca,22999,3318,9506,261,38311,26.825163054912686
100,2019,3,Catamarca,24349,5543,13,244,32400,73023.07692307692
101,2019,2,Catamarca,25682,5543,13,146,33635,0.0
102,2019,1,Catamarca,26912,4443,16,0,33622,-18.75
103,2018,4,Catamarca,26912,4443,16,0,33583,0.0
104,2018,3,Catamarca,27553,4443,15,1,34226,6.666666666666667
105,2018,2,Catamarca,27444,4415,15,1,34089,0.0
106,2018,1,Catamarca,27300,4415,15,1,33945,0.0
107,2017,4,Catamarca,27083,263,11,1,29558,36.36363636363637
108,2017,3,Catamarca,26873,4411,12,1,33478,-8.333333333333332
109,2017,2,Catamarca,26401,255,14,1,26705,-14.285714285714285
110,2017,1,Catamarca,26020,248,14,1,26317,0.0
111,2016,4,Catamarca,26735,250,14,1,27034,0.0
112,2016,3,Catamarca,26689,248,14,1,26970,0.0
113,2016,2,Catamarca,26262,245,14,1,26556,0.0
114,2016,1,Catamarca,26096,243,15,1,26389,-6.666666666666667
115,2015,4,Catamarca,26180,242,15,1,26472,0.0
116,2015,3,Catamarca,25801,242,15,1,26093,0.0
117,2015,2,Catamarca,25387,242,15,1,25679,0.0
118,2015,1,Catamarca,25033,241,16,1,25332,-6.25
119,2014,4,Catamarca,25192,241,16,0,25493,0.0
120,2014,3,Catamarca,24380,244,15,0,24686,6.666666666666667
121,2014,2,Catamarca,24380,243,17,0,24683,-11.76470588235294
122,2014,1,Catamarca,24126,46,17,0,24232,0.0
123,2024,1,Chaco,11343,58929,64463,8404,155543,
124,2023,4,Chaco,14000,60277,62301,8404,147386,3.470249273687421
125,2023,3,Chaco,16420,60058,54993,8267,142146,13.288964049969994
126,2023,2,Chaco,19115,59944,51955,8267,141855,5.84736791454143
127,2023,1,Chaco,21243,60727,49756,8142,142442,4.419567489348018
128,2022,4,Chaco,24582,61265,47285,7957,143663,5.225758697261288
129,2022,3,Chaco,27164,61800,44645,8178,144146,5.913316160824281
130,2022,2,Chaco,29552,61284,42194,8178,143564,5.808882779542115
131,2022,1,Chaco,32391,64546,36662,8164,144119,15.089193170039824
132,2021,4,Chaco,35548,63145,34688,8005,143745,5.690728782287823
133,2021,3,Chaco,38258,63659,27583,8018,139871,25.758619439509843
134,2021,2,Chaco,39826,62948,27584,8018,140729,-0.003625290023201856
135,2021,1,Chaco,43214,61251,25426,8004,139770,8.487375127821913
136,2020,4,Chaco,44332,61200,23687,7997,139091,7.341579769493816
137,2020,3,Chaco,45745,58825,20675,6706,133954,14.5683192261185
138,2020,2,Chaco,46816,56017,17266,6452,128132,19.744005560060234
139,2020,1,Chaco,46356,54144,11958,6239,120277,44.38869376149858
140,2019,4,Chaco,48661,53602,8831,5229,117903,35.40935341410938
141,2019,3,Chaco,50416,49156,8063,5224,114451,9.524990698251273
142,2019,2,Chaco,50765,47448,4203,4727,108734,91.83916250297408
143,2019,1,Chaco,53409,43555,1951,3628,103677,115.42798564838543
144,2018,4,Chaco,53409,43555,1940,3236,103270,0.5670103092783505
145,2018,3,Chaco,53927,42359,1990,2628,102033,-2.512562814070352
146,2018,2,Chaco,54134,40750,562,1946,98521,254.09252669039145
147,2018,1,Chaco,54879,40157,383,388,96937,46.73629242819843
148,2017,4,Chaco,55035,39690,389,380,96615,-1.5424164524421593
149,2017,3,Chaco,54888,37307,456,36,93759,-14.692982456140353
150,2017,2,Chaco,54449,35613,458,52,90611,-0.43668122270742354
151,2017,1,Chaco,54430,34277,252,52,89050,81.74603174603175
152,2016,4,Chaco,54974,33534,248,52,88847,1.6129032258064515
153,2016,3,Chaco,56251,32730,232,2,89230,6.896551724137931
154,2016,2,Chaco,56112,31825,221,52,88251,4.97737556561086
155,2016,1,Chaco,56353,29994,211,52,86651,4.739336492890995
156,2015,4,Chaco,56818,29456,186,52,86553,13.440860215053762
157,2015,3,Chaco,56282,28809,186,52,85370,0.0
158,2015,2,Chaco,55767,27809,179,52,83848,3.910614525139665
159,2015,1,Chaco,54952,26161,164,27,81360,9.146341463414634
160,2014,4,Chaco,55024,10918,31,0,66035,429.0322580645161
161,2014,3,Chaco,53321,10336,29,1,63746,6.896551724137931
162,2014,2,Chaco,53321,9870,30,0,63279,-3.3333333333333335
163,2014,1,Chaco,52971,9497,30,0,62556,0.0
164,2024,1,Chubut,26306,77217,26356,30867,170676,
165,2023,4,Chubut,26306,77217,26174,30543,170170,0.6953465270879499
166,2023,3,Chubut,26352,75460,25827,30521,168068,1.3435551941766368
167,2023,2,Chubut,33702,73689,16111,30521,163961,60.30662280429521
168,2023,1,Chubut,45448,73525,9815,30521,170053,64.14671421293939
169,2022,4,Chubut,45450,73923,9815,30721,168759,0.0
170,2022,3,Chubut,45377,72212,9574,29784,165778,2.517234175893044
171,2022,2,Chubut,45377,69242,9574,29784,162805,0.0
172,2022,1,Chubut,44133,66667,9184,30592,171628,4.246515679442508
173,2021,4,Chubut,46361,57412,9655,28041,160308,-4.8783013982392545
174,2021,3,Chubut,49269,55794,8946,23376,156066,7.925329756315672
175,2021,2,Chubut,49271,41497,6081,23682,139237,47.11396151948692
176,2021,1,Chubut,45501,40960,3444,23723,132340,76.56794425087108
177,2020,4,Chubut,45703,39756,3040,23363,130574,13.289473684210526
178,2020,3,Chubut,45761,39386,2897,23216,130027,4.936140835346911
179,2020,2,Chubut,45761,38279,1324,17678,108656,118.80664652567975
180,2020,1,Chubut,45763,27287,1324,16885,96738,0.0
181,2019,4,Chubut,47045,26977,1324,15267,96102,0.0
182,2019,3,Chubut,37298,27090,1917,15149,89005,-30.93375065206051
183,2019,2,Chubut,37313,26338,1917,14443,87556,0.0
184,2019,1,Chubut,37302,23065,1923,14443,79778,-0.31201248049922
185,2018,4,Chubut,37215,23065,952,14443,78722,101.99579831932772
186,2018,3,Chubut,58887,23065,1239,13817,103736,-23.163841807909606
187,2018,2,Chubut,58935,19591,1239,14070,100564,0.0
188,2018,1,Chubut,56375,19591,1194,14070,97959,3.7688442211055273
189,2017,4,Chubut,56378,15097,1187,14070,93440,0.5897219882055602
190,2017,3,Chubut,56359,5645,1217,13503,83544,-2.4650780608052587
191,2017,2,Chubut,43994,1067,916,13194,63975,32.86026200873363
192,2017,1,Chubut,43994,999,916,13194,63896,0.0
193,2016,4,Chubut,43994,955,916,13107,63765,0.0
194,2016,3,Chubut,43987,935,916,13364,63952,0.0
195,2016,2,Chubut,43977,867,916,13293,63856,0.0
196,2016,1,Chubut,43967,834,916,13280,63800,0.0
197,2015,4,Chubut,43968,811,916,13521,64019,0.0
198,2015,3,Chubut,43964,792,916,13408,63883,0.0
199,2015,2,Chubut,43949,762,916,13055,63485,0.0
200,2015,1,Chubut,45645,717,906,12540,65273,1.1037527593818985
201,2014,4,Chubut,48539,697,891,12256,68542,1.6835016835016834
202,2014,3,Chubut,49219,668,882,11853,69137,1.0204081632653061
203,2014,2,Chubut,51070,649,866,10960,70519,1.8475750577367205
204,2014,1,Chubut,51066,539,866,10776,70221,0.0
205,2024,1,Córdoba,102812,449784,458985,61121,1082199,
206,2023,4,Córdoba,115662,452380,440536,61862,1079302,4.1878529790981895
207,2023,3,Córdoba,125050,453994,417338,62514,1069334,5.5585640416161475
208,2023,2,Córdoba,129303,453924,411703,62391,1067751,1.3687051102372343
209,2023,1,Córdoba,136976,455139,386297,61066,1049972,6.57680489364401
210,2022,4,Córdoba,152265,456947,367393,61631,1049660,5.145443707419576
211,2022,3,Córdoba,163770,465461,338570,61070,1038668,8.513158283368284
212,2022,2,Córdoba,179181,467595,308895,61107,1026435,9.606824325418021
213,2022,1,Córdoba,195610,501799,235838,60843,1003803,30.977620230836422
214,2021,4,Córdoba,212011,487489,217214,61277,986770,8.574032981299547
215,2021,3,Córdoba,229275,477223,167495,57617,946788,29.68387116033314
216,2021,2,Córdoba,239780,467782,151855,55944,930880,10.29929867307629
217,2021,1,Córdoba,260350,444695,134634,54137,910881,12.790974048160198
218,2020,4,Córdoba,267396,439322,125620,52827,902701,7.1756089794618685
219,2020,3,Córdoba,276360,430771,102217,48368,867472,22.89540878718804
220,2020,2,Córdoba,282858,415007,85818,44522,836468,19.10904472255238
221,2020,1,Córdoba,286168,406109,68512,41617,811099,25.259808500700608
222,2019,4,Córdoba,296872,410038,53335,37750,806688,28.4559857504453
223,2019,3,Córdoba,307780,399231,30064,37277,783053,77.40486961149547
224,2019,2,Córdoba,314768,388254,23023,33847,775128,30.582461017243627
225,2019,1,Córdoba,323272,363959,19902,24615,744115,15.681841021002915
226,2018,4,Córdoba,328854,355716,17675,21851,737339,12.599717114568602
227,2018,3,Córdoba,337620,342401,15785,19213,725858,11.973392461197339
228,2018,2,Córdoba,345141,327636,13832,16355,713073,14.119433198380566
229,2018,1,Córdoba,349342,326894,13178,13237,713926,4.962816815905296
230,2017,4,Córdoba,349710,324709,12778,12043,709979,3.130380341211457
231,2017,3,Córdoba,344580,319360,10579,7137,696644,20.786463748936573
232,2017,2,Córdoba,341748,303488,4451,6446,657638,137.6769265333633
233,2017,1,Córdoba,335673,293479,4871,5782,641199,-8.622459453910901
234,2016,4,Córdoba,337368,289344,3368,5686,636555,44.62589073634204
235,2016,3,Córdoba,348481,285480,2540,5695,642591,32.59842519685039
236,2016,2,Córdoba,348891,277615,1709,5610,634914,48.62492685781159
237,2016,1,Córdoba,350884,252346,674,5636,609926,153.5608308605341
238,2015,4,Córdoba,353530,266062,480,5613,626070,40.416666666666664
239,2015,3,Córdoba,351692,264055,1450,5412,622998,-66.89655172413794
240,2015,2,Córdoba,348130,255596,435,5199,609746,233.33333333333334
241,2015,1,Córdoba,343883,247564,415,4645,596957,4.819277108433735
242,2014,4,Córdoba,345157,240452,419,3918,590432,-0.9546539379474941
243,2014,3,Córdoba,340212,240334,444,4064,585431,-5.63063063063063
244,2014,2,Córdoba,337825,234729,351,3673,576952,26.495726495726498
245,2014,1,Córdoba,336841,225769,347,3585,566910,1.1527377521613833
246,2024,1,Corrientes,18390,85595,38268,10409,157894,
247,2023,4,Corrientes,21769,86102,35968,10402,159472,6.394572953736654
248,2023,3,Corrientes,24253,83897,36032,10407,159829,-0.17761989342806395
249,2023,2,Corrientes,26821,82977,32834,10407,158294,9.739903758299324
250,2023,1,Corrientes,29577,81116,30016,11071,157020,9.388326226012794
251,2022,4,Corrientes,34038,80283,26752,9082,155453,12.200956937799043
252,2022,3,Corrientes,36508,77140,18619,7256,144846,43.6811858853859
253,2022,2,Corrientes,38468,75769,18181,7256,144997,2.4091084098784443
254,2022,1,Corrientes,40462,79093,10875,6774,142578,67.1816091954023
255,2021,4,Corrientes,42523,71183,10138,6778,135912,7.26967843756165
256,2021,3,Corrientes,44805,69403,7542,6766,133819,34.42057809599576
257,2021,2,Corrientes,46648,67262,3731,6557,129501,102.1441972661485
258,2021,1,Corrientes,49160,62876,3337,5949,126625,11.807012286484866
259,2020,4,Corrientes,50102,61495,3146,5626,125659,6.0712015257469805
260,2020,3,Corrientes,50858,58681,2960,5513,123391,6.283783783783783
261,2020,2,Corrientes,51248,55536,3144,3927,118866,-5.852417302798982
262,2020,1,Corrientes,51126,53231,2172,2437,113970,44.751381215469614
263,2019,4,Corrientes,52525,51845,2002,2458,113834,8.49150849150849
264,2019,3,Corrientes,53344,50230,1888,2458,112759,6.038135593220339
265,2019,2,Corrientes,53835,47431,1701,2444,111549,10.993533215755438
266,2019,1,Corrientes,55842,43444,1615,1528,102487,5.325077399380805
267,2018,4,Corrientes,55842,42418,796,1515,100601,102.8894472361809
268,2018,3,Corrientes,56444,41300,212,1468,99456,275.47169811320754
269,2018,2,Corrientes,56541,39715,201,1468,97957,5.472636815920398
270,2018,1,Corrientes,56937,35225,888,1334,94417,-77.36486486486487
271,2017,4,Corrientes,56786,34722,894,1334,93771,-0.6711409395973155
272,2017,3,Corrientes,56247,33993,947,1334,92548,-5.59662090813094
273,2017,2,Corrientes,55262,33192,258,1354,90097,267.05426356589146
274,2017,1,Corrientes,54993,31994,236,1354,88608,9.322033898305085
275,2016,4,Corrientes,54981,31497,233,1354,88096,1.2875536480686696
276,2016,3,Corrientes,55934,30813,217,1354,88340,7.373271889400922
277,2016,2,Corrientes,55511,29845,203,1354,86956,6.896551724137931
278,2016,1,Corrientes,55454,28491,192,1354,85536,5.729166666666666
279,2015,4,Corrientes,55681,28178,177,1354,85435,8.47457627118644
280,2015,3,Corrientes,55792,27604,176,1340,84959,0.5681818181818182
281,2015,2,Corrientes,55238,26553,157,1321,83316,12.101910828025478
282,2015,1,Corrientes,54649,25372,129,1319,81531,21.705426356589147
283,2014,4,Corrientes,54754,9526,40,1315,65710,222.5
284,2014,3,Corrientes,52957,9184,31,1312,63549,29.03225806451613
285,2014,2,Corrientes,52883,8680,31,1309,62958,0.0
286,2014,1,Corrientes,52565,8279,31,1306,62236,0.0
287,2024,1,Entre Ríos,36574,158283,66180,23950,296552,
288,2023,4,Entre Ríos,41794,159575,61667,24036,298637,7.318338819790163
289,2023,3,Entre Ríos,45384,157464,54794,24481,293293,12.543344161769538
290,2023,2,Entre Ríos,46503,142562,49251,24461,273947,11.254593815354003
291,2023,1,Entre Ríos,51084,141699,44508,26415,274878,10.65651118899973
292,2022,4,Entre Ríos,55507,135746,40798,26414,270974,9.09358301877543
293,2022,3,Entre Ríos,60345,132952,36971,26098,268959,10.351356468583486
294,2022,2,Entre Ríos,63794,131029,35839,26098,269352,3.158570272608053
295,2022,1,Entre Ríos,67159,138986,23091,26098,267926,55.20765666276905
296,2021,4,Entre Ríos,70459,133387,23452,25022,265046,-1.5393143441923929
297,2021,3,Entre Ríos,74443,128752,20485,23500,260375,14.483768611178913
298,2021,2,Entre Ríos,77836,124957,17856,23786,257632,14.72334229390681
299,2021,1,Entre Ríos,83688,118424,16846,20836,251963,5.995488543274368
300,2020,4,Entre Ríos,85683,113670,15653,20206,247381,7.621542196384079
301,2020,3,Entre Ríos,87892,106950,13954,20379,241495,12.175720223591801
302,2020,2,Entre Ríos,89391,99423,13954,20042,234113,0.0
303,2020,1,Entre Ríos,90368,95434,13245,18737,231846,5.352963382408456
304,2019,4,Entre Ríos,92981,99206,12875,18561,239030,2.8737864077669903
305,2019,3,Entre Ríos,94947,96305,12888,18530,238102,-0.10086902545003104
306,2019,2,Entre Ríos,97081,91081,12764,17369,235824,0.9714822939517392
307,2019,1,Entre Ríos,100999,90253,12723,16231,232447,0.3222510414210485
308,2018,4,Entre Ríos,101168,86198,4853,15472,222047,162.16773130022665
309,2018,3,Entre Ríos,103318,83714,2403,15093,204608,101.9558884727424
310,2018,2,Entre Ríos,104811,80376,2405,12313,199985,-0.08316008316008316
311,2018,1,Entre Ríos,106998,75751,3789,10776,197394,-36.526788070731065
312,2017,4,Entre Ríos,107764,73692,1894,10267,193703,100.05279831045407
313,2017,3,Entre Ríos,107774,69596,1786,6245,185464,6.047032474804031
314,2017,2,Entre Ríos,108309,67650,254,6448,182732,603.1496062992126
315,2017,1,Entre Ríos,108509,65095,230,6448,180353,10.434782608695652
316,2016,4,Entre Ríos,109359,64141,226,6448,180245,1.7699115044247788
317,2016,3,Entre Ríos,112588,61850,206,6441,181149,9.70873786407767
318,2016,2,Entre Ríos,112809,58768,169,6434,178373,21.893491124260358
319,2016,1,Entre Ríos,113101,54948,146,6425,174813,15.753424657534246
320,2015,4,Entre Ríos,113983,53411,122,6427,174137,19.672131147540984
321,2015,3,Entre Ríos,113909,51945,122,6261,172434,0.0
322,2015,2,Entre Ríos,113378,49767,119,6031,169492,2.5210084033613445
323,2015,1,Entre Ríos,112363,47411,108,5943,166070,10.185185185185185
324,2014,4,Entre Ríos,112291,23027,57,5178,140813,89.47368421052632
325,2014,3,Entre Ríos,108907,22440,48,5203,136733,18.75
326,2014,2,Entre Ríos,108900,21706,49,4795,135583,-2.0408163265306123
327,2014,1,Entre Ríos,107883,21379,49,4887,134331,0.0
328,2024,1,Formosa,9147,18631,17908,16851,62718,
329,2023,4,Formosa,10252,18325,16179,17061,62002,10.686692626243897
330,2023,3,Formosa,11230,18053,14904,16899,61314,8.55475040257649
331,2023,2,Formosa,11934,17678,13698,16813,60350,8.804204993429698
332,2023,1,Formosa,12502,17421,13345,17490,60985,2.6451854627201197
333,2022,4,Formosa,13735,17068,13118,17692,61840,1.7304467144381763
334,2022,3,Formosa,14470,25880,11041,16935,68538,18.81170183860158
335,2022,2,Formosa,15397,25487,9875,16910,67881,11.807594936708862
336,2022,1,Formosa,16397,15927,5146,16876,54548,91.8966187329965
337,2021,4,Formosa,17211,15111,5151,16018,53663,-0.09706853038245
338,2021,3,Formosa,18093,14111,4730,15690,52795,8.900634249471459
339,2021,2,Formosa,19571,12509,3610,15690,51551,31.024930747922436
340,2021,1,Formosa,20663,11412,2562,15669,50686,40.905542544886806
341,2020,4,Formosa,21264,10789,2432,15341,50206,5.345394736842105
342,2020,3,Formosa,21790,10003,2000,15023,49209,21.6
343,2020,2,Formosa,21805,9353,1882,14723,47932,6.269925611052073
344,2020,1,Formosa,21068,8887,1800,14510,46434,4.555555555555555
345,2019,4,Formosa,21567,8684,1760,14531,46711,2.272727272727273
346,2019,3,Formosa,21777,8359,1476,14292,46066,19.241192411924118
347,2019,2,Formosa,21916,8686,1382,14292,46438,6.801736613603474
348,2019,1,Formosa,22570,7878,940,13761,45211,47.02127659574468
349,2018,4,Formosa,22619,7880,887,13761,45204,5.975197294250282
350,2018,3,Formosa,22777,7589,817,13625,44865,8.567931456548347
351,2018,2,Formosa,23543,7311,18,13625,44554,4438.888888888889
352,2018,1,Formosa,23556,7095,17,1603,32328,5.88235294117647
353,2017,4,Formosa,23410,6973,19,1603,32056,-10.526315789473683
354,2017,3,Formosa,22647,6816,428,2202,32105,-95.56074766355141
355,2017,2,Formosa,22493,6410,17,1023,29956,2417.6470588235293
356,2017,1,Formosa,22438,6215,16,1023,29705,6.25
357,2016,4,Formosa,22400,6061,16,1023,29513,0.0
358,2016,3,Formosa,21800,5905,9,0,27716,77.77777777777779
359,2016,2,Formosa,22101,5658,6,1023,28802,50.0
360,2016,1,Formosa,21852,5420,5,1023,28314,20.0
361,2015,4,Formosa,21734,5314,4,1023,28089,25.0
362,2015,3,Formosa,21573,5264,2,899,27752,100.0
363,2015,2,Formosa,21097,5164,2,737,27050,0.0
364,2015,1,Formosa,21022,4951,1,670,26700,100.0
365,2014,4,Formosa,21245,4896,1,0,26207,0.0
366,2014,3,Formosa,21021,4836,0,0,25937,inf
367,2014,2,Formosa,20894,4628,0,0,25600,
368,2014,1,Formosa,20774,4548,0,0,25422,
369,2024,1,Jujuy,10554,51093,51084,4106,118053,
370,2023,4,Jujuy,11669,51083,49947,4105,118020,2.2764129977776446
371,2023,3,Jujuy,12627,51082,48350,4067,117377,3.3029989658738366
372,2023,2,Jujuy,13749,51082,47289,4067,117442,2.243650743301825
373,2023,1,Jujuy,15306,51082,46271,4067,117981,2.2000821248730307
374,2022,4,Jujuy,17880,52390,42626,4067,118218,8.551119035330549
375,2022,3,Jujuy,19257,52978,40172,4033,118823,6.108732450463009
376,2022,2,Jujuy,20303,54495,34184,3955,115314,17.51696700210625
377,2022,1,Jujuy,21307,60616,25949,4662,116509,31.735326987552508
378,2021,4,Jujuy,22330,60511,24156,2927,113915,7.422586520947176
379,2021,3,Jujuy,23554,60758,19926,2952,111158,21.22854561878952
380,2021,2,Jujuy,24738,60800,19611,2731,111848,1.6062413951353833
381,2021,1,Jujuy,32254,54324,17322,2677,110456,13.214409421544856
382,2020,4,Jujuy,32850,52815,15639,1077,105851,10.761557644350663
383,2020,3,Jujuy,32611,57682,11112,952,106728,40.73974082073434
384,2020,2,Jujuy,32705,38938,5057,952,94316,119.73502076329841
385,2020,1,Jujuy,32066,38938,3078,942,91665,64.2949967511371
386,2019,4,Jujuy,32949,37604,873,814,88881,252.57731958762886
387,2019,3,Jujuy,33110,35742,274,812,86576,218.61313868613138
388,2019,2,Jujuy,33022,30742,274,812,86707,0.0
389,2019,1,Jujuy,33248,12484,153,640,90147,79.08496732026144
390,2018,4,Jujuy,33248,12484,153,640,90133,0.0
391,2018,3,Jujuy,33363,10856,32,641,44935,378.125
392,2018,2,Jujuy,33571,10856,23,640,45133,39.130434782608695
393,2018,1,Jujuy,33856,10456,23,28,44406,0.0
394,2017,4,Jujuy,33844,9626,20,28,43552,15.0
395,2017,3,Jujuy,33796,9395,20,23,43242,0.0
396,2017,2,Jujuy,33742,8858,22,0,42657,-9.090909090909092
397,2017,1,Jujuy,33869,9278,22,0,43203,0.0
398,2016,4,Jujuy,33838,8731,22,0,42625,0.0
399,2016,3,Jujuy,34250,8236,22,0,42538,0.0
400,2016,2,Jujuy,33758,7374,22,0,41189,0.0
401,2016,1,Jujuy,33481,6751,22,0,40289,0.0
402,2015,4,Jujuy,32934,6933,22,0,39924,0.0
403,2015,3,Jujuy,32598,6895,22,0,39550,0.0
404,2015,2,Jujuy,32183,5482,22,0,37722,0.0
405,2015,1,Jujuy,31505,5048,22,0,36611,0.0
406,2014,4,Jujuy,31349,4583,22,37,36002,0.0
407,2014,3,Jujuy,30128,3541,22,37,33741,0.0
408,2014,2,Jujuy,30128,4161,23,40,34361,-4.3478260869565215
409,2014,1,Jujuy,29765,4030,23,0,33827,0.0
410,2024,1,La Pampa,6844,59008,35556,19681,122195,
411,2023,4,La Pampa,6844,59063,34331,19982,121326,3.5682036643267017
412,2023,3,La Pampa,6844,59063,32891,20014,119921,4.3780973518591715
413,2023,2,La Pampa,7254,59101,31449,19993,118910,4.5852014372476075
414,2023,1,La Pampa,7049,59944,28126,20103,116504,11.814691033207708
415,2022,4,La Pampa,7785,60566,24552,19995,114164,14.55685891169762
416,2022,3,La Pampa,7796,60078,23551,20216,116092,4.25035030359645
417,2022,2,La Pampa,7796,59273,22994,20200,111527,2.422371053318257
418,2022,1,La Pampa,8003,58978,21739,19903,109732,5.77303463820783
419,2021,4,La Pampa,8175,58000,20192,19286,107007,7.6614500792393025
420,2021,3,La Pampa,9015,57881,17817,14479,100487,13.329965763035304
421,2021,2,La Pampa,9017,57014,17132,13209,97667,3.998365631566659
422,2021,1,La Pampa,8946,58711,15779,12369,97105,8.574687876291273
423,2020,4,La Pampa,9009,58945,15432,12194,96895,2.248574390876102
424,2020,3,La Pampa,9015,56845,14677,11893,93735,5.144103018327996
425,2020,2,La Pampa,8551,54422,14232,11314,89809,3.1267566048341764
426,2020,1,La Pampa,8553,53755,13821,11295,89226,2.9737356197091382
427,2019,4,La Pampa,15457,56854,4942,11341,90399,179.66410360178065
428,2019,3,La Pampa,19469,52941,4994,11462,90828,-1.0412494993992791
429,2019,2,La Pampa,19471,52101,4840,10789,90205,3.1818181818181817
430,2019,1,La Pampa,18832,57373,2891,9023,89160,67.41611898996887
431,2018,4,La Pampa,18832,55337,2685,7772,85636,7.672253258845438
432,2018,3,La Pampa,12415,54574,8437,7011,83424,-68.17589190470547
433,2018,2,La Pampa,12416,53587,8420,7011,82421,0.20190023752969122
434,2018,1,La Pampa,10807,51389,8386,10556,83064,0.4054376341521584
435,2017,4,La Pampa,10808,50495,8272,10569,82071,1.3781431334622825
436,2017,3,La Pampa,11378,49679,5153,11536,79690,60.52784785561809
437,2017,2,La Pampa,12754,48310,5194,6253,73022,-0.7893723527146709
438,2017,1,La Pampa,12754,47195,5194,6253,71913,0.0
439,2016,4,La Pampa,12754,47245,5054,6253,71828,2.7700831024930745
440,2016,3,La Pampa,12751,45952,4910,6236,70364,2.9327902240325865
441,2016,2,La Pampa,12754,44654,4708,6225,68888,4.290569243840272
442,2016,1,La Pampa,12754,41881,4536,6209,65929,3.7918871252204585
443,2015,4,La Pampa,12755,42705,4327,6205,66366,4.8301363531315
444,2015,3,La Pampa,12755,41886,4078,6195,65471,6.105934281510544
445,2015,2,La Pampa,12756,40825,3719,6190,64052,9.653132562516806
446,2015,1,La Pampa,13143,39571,3215,6164,62697,15.67651632970451
447,2014,4,La Pampa,16043,34281,514,5894,57380,525.4863813229572
448,2014,3,La Pampa,16051,33940,538,11219,62425,-4.4609665427509295
449,2014,2,La Pampa,15957,32600,513,5869,55628,4.8732943469785575
450,2014,1,La Pampa,15826,31305,513,5848,54193,0.0
451,2024,1,La Rioja,2827,55443,23086,6396,87782,
452,2023,4,La Rioja,3296,55441,22559,6395,87721,2.3360964581763377
453,2023,3,La Rioja,3726,55494,22054,6395,87701,2.2898340437108913
454,2023,2,La Rioja,4152,55148,21245,6395,86972,3.8079548128971528
455,2023,1,La Rioja,4652,54604,20722,6395,86405,2.523887655631696
456,2022,4,La Rioja,6120,54387,19328,6395,86262,7.212334437086093
457,2022,3,La Rioja,6842,53899,19697,6395,86864,-1.873381733258872
458,2022,2,La Rioja,7759,52656,19189,6395,86030,2.6473500442962115
459,2022,1,La Rioja,9103,59228,9546,6395,84303,101.01613241148124
460,2021,4,La Rioja,10387,56651,9446,6613,83128,1.0586491636671607
461,2021,3,La Rioja,11329,54744,9444,6613,82160,0.021177467174925878
462,2021,2,La Rioja,11627,54255,9445,6245,81602,-0.010587612493382742
463,2021,1,La Rioja,17363,34984,1,250,52628,944400.0
464,2020,4,La Rioja,17513,34984,1,250,52778,0.0
465,2020,3,La Rioja,17346,34984,1,250,52616,0.0
466,2020,2,La Rioja,16885,34984,1,250,52155,0.0
467,2020,1,La Rioja,13076,34984,0,251,48340,inf
468,2019,4,La Rioja,13738,34984,0,251,49002,
469,2019,3,La Rioja,14390,34984,11,251,49677,-100.0
470,2019,2,La Rioja,15014,34984,11,251,50301,0.0
471,2019,1,La Rioja,16367,34984,12,252,51656,-8.333333333333332
472,2018,4,La Rioja,16367,34984,12,252,51651,0.0
473,2018,3,La Rioja,16587,34984,13,253,51872,-7.6923076923076925
474,2018,2,La Rioja,16663,34984,13,253,51948,0.0
475,2018,1,La Rioja,16960,34984,13,253,52245,0.0
476,2017,4,La Rioja,16912,34984,14,253,52194,-7.142857142857142
477,2017,3,La Rioja,16638,34984,14,252,51913,0.0
478,2017,2,La Rioja,16244,0,15,2,16289,-6.666666666666667
479,2017,1,La Rioja,16180,0,15,2,16225,0.0
480,2016,4,La Rioja,16270,0,16,2,16316,-6.25
481,2016,3,La Rioja,16891,0,15,2,16930,6.666666666666667
482,2016,2,La Rioja,16691,0,15,2,16736,0.0
483,2016,1,La Rioja,16645,0,16,2,16691,-6.25
484,2015,4,La Rioja,16886,0,16,2,16932,0.0
485,2015,3,La Rioja,16725,0,16,2,16771,0.0
486,2015,2,La Rioja,16463,0,16,2,16509,0.0
487,2015,1,La Rioja,16282,0,16,2,16333,0.0
488,2014,4,La Rioja,16352,0,17,0,16402,-5.88235294117647
489,2014,3,La Rioja,15864,0,14,1,15916,21.428571428571427
490,2014,2,La Rioja,15864,0,14,0,15912,0.0
491,2014,1,La Rioja,15663,0,14,0,15711,0.0
492,2024,1,Mendoza,17674,70932,185460,27606,302597,
493,2023,4,Mendoza,17676,70920,182220,27609,299351,1.7780704642739547
494,2023,3,Mendoza,17677,73066,178719,27609,298022,1.9589411310493008
495,2023,2,Mendoza,25299,71931,171857,27609,297676,3.9928545244011007
496,2023,1,Mendoza,37646,73678,152534,27592,293019,12.667995332188234
497,2022,4,Mendoza,37655,77814,147080,27607,292104,3.7081860212129456
498,2022,3,Mendoza,37659,78858,142615,27625,289523,3.130806717385969
499,2022,2,Mendoza,37663,77504,135504,26964,279562,5.247815562640217
500,2022,1,Mendoza,49464,74145,123228,26969,275185,9.962021618463336
501,2021,4,Mendoza,59842,71553,109667,24666,267587,12.365615909982036
502,2021,3,Mendoza,91474,71247,70579,21811,255939,55.38191246688109
503,2021,2,Mendoza,91503,70834,44696,21811,229671,57.90898514408448
504,2021,1,Mendoza,91844,69295,38619,18332,218923,15.735777725989797
505,2020,4,Mendoza,91842,68364,36083,18331,215453,7.028240445639221
506,2020,3,Mendoza,91908,64672,32817,17523,207788,9.952158942011764
507,2020,2,Mendoza,91904,62941,29613,15924,201184,10.819572485057238
508,2020,1,Mendoza,91955,50251,28059,12465,183452,5.538329947610392
509,2019,4,Mendoza,96678,49711,24989,13672,185780,12.285405578454519
510,2019,3,Mendoza,148640,54312,6865,12975,224337,264.00582665695555
511,2019,2,Mendoza,148673,54027,6865,12748,223857,0.0
512,2019,1,Mendoza,148524,40205,5662,10363,206298,21.246909219357118
513,2018,4,Mendoza,148524,40205,5665,10363,206304,-0.0529567519858782
514,2018,3,Mendoza,151033,40205,5744,8195,207029,-1.3753481894150419
515,2018,2,Mendoza,152938,36872,3084,6206,200952,86.25162127107653
516,2018,1,Mendoza,152931,36872,3086,6206,200947,-0.06480881399870382
517,2017,4,Mendoza,152896,16114,3015,6206,180151,2.3548922056384742
518,2017,3,Mendoza,154036,33788,2772,29,192491,8.766233766233766
519,2017,2,Mendoza,153331,13030,2581,27,170753,7.400232468035645
520,2017,1,Mendoza,153326,13030,2581,27,170733,0.0
521,2016,4,Mendoza,153320,13030,2579,27,170725,0.07754943776657619
522,2016,3,Mendoza,153233,13030,2576,28,170624,0.11645962732919254
523,2016,2,Mendoza,153321,13030,2576,29,170824,0.0
524,2016,1,Mendoza,153299,13030,2576,34,170810,0.0
525,2015,4,Mendoza,153293,13030,2572,38,170807,0.15552099533437014
526,2015,3,Mendoza,153299,13030,2572,42,170823,0.0
527,2015,2,Mendoza,153301,13030,2572,38,170823,0.0
528,2015,1,Mendoza,152433,13030,2542,29,170160,1.1801730920535012
529,2014,4,Mendoza,151797,13030,2534,31,169614,0.31570639305445936
530,2014,3,Mendoza,150120,13030,2512,40,167924,0.8757961783439491
531,2014,2,Mendoza,148979,13030,2480,36,166807,1.2903225806451613
532,2014,1,Mendoza,148970,12076,2480,37,165845,0.0
533,2024,1,Misiones,23217,77561,81498,13378,202556,
534,2023,4,Misiones,25840,79000,75382,12928,200333,8.11334270780823
535,2023,3,Misiones,27934,79087,70003,12928,197135,7.683956401868492
536,2023,2,Misiones,28897,82058,64406,12927,195471,8.690184144334378
537,2023,1,Misiones,30455,82834,56619,12896,190685,13.753333686571645
538,2022,4,Misiones,33204,87202,46885,11075,186269,20.761437559987204
539,2022,3,Misiones,35513,88902,39046,11074,182157,20.07632023766839
540,2022,2,Misiones,37208,89260,33649,11074,178813,16.039109631786978
541,2022,1,Misiones,39147,91752,25178,7807,171508,33.64445150528239
542,2021,4,Misiones,41778,92068,22035,7649,171132,14.263671431813025
543,2021,3,Misiones,43230,89469,10969,7198,158528,100.88431032910931
544,2021,2,Misiones,44960,87861,10376,5317,156176,5.715111796453353
545,2021,1,Misiones,48292,82339,7064,4796,149387,46.88561721404304
546,2020,4,Misiones,49462,79855,6589,4359,147161,7.2089846714220664
547,2020,3,Misiones,50195,77989,2572,3445,143186,156.18195956454122
548,2020,2,Misiones,50792,74497,2579,3319,140340,-0.27142303218301667
549,2020,1,Misiones,51458,69452,1220,460,133552,111.39344262295081
550,2019,4,Misiones,53116,69676,847,441,135813,44.03778040141677
551,2019,3,Misiones,54493,65872,829,419,133883,2.1712907117008444
552,2019,2,Misiones,55373,64272,543,421,132878,52.67034990791897
553,2019,1,Misiones,54898,59214,465,426,122720,16.7741935483871
554,2018,4,Misiones,55500,53673,465,426,116273,0.0
555,2018,3,Misiones,56290,50793,512,391,108042,-9.1796875
556,2018,2,Misiones,57265,47923,512,391,106147,0.0
557,2018,1,Misiones,56311,46880,328,5,103580,56.09756097560976
558,2017,4,Misiones,56271,47470,95,5,103895,245.26315789473685
559,2017,3,Misiones,56472,43880,110,5,100476,-13.636363636363635
560,2017,2,Misiones,56752,42925,103,5,99794,6.796116504854369
561,2017,1,Misiones,57363,40142,101,5,97619,1.9801980198019802
562,2016,4,Misiones,57983,39294,100,5,97390,1.0
563,2016,3,Misiones,59776,38130,79,5,97997,26.582278481012654
564,2016,2,Misiones,59573,36145,77,5,95815,2.5974025974025974
565,2016,1,Misiones,59538,33330,70,5,92958,10.0
566,2015,4,Misiones,60252,32533,48,5,92853,45.83333333333333
567,2015,3,Misiones,59921,31635,46,5,91622,4.3478260869565215
568,2015,2,Misiones,59179,29283,37,5,88519,24.324324324324326
569,2015,1,Misiones,58262,26836,30,5,85146,23.333333333333332
570,2014,4,Misiones,58435,18613,16,150,77229,87.5
571,2014,3,Misiones,56933,18373,4,3,75327,300.0
572,2014,2,Misiones,56933,17594,4,150,74689,0.0
573,2014,1,Misiones,56597,17191,4,150,73950,0.0
574,2024,1,Neuquén,24076,73298,41577,24387,164246,
575,2023,4,Neuquén,24122,73784,41583,24390,164627,-0.014428973378544116
576,2023,3,Neuquén,24527,73329,39243,24085,164273,5.962846877150065
577,2023,2,Neuquén,26379,73040,35171,24046,161746,11.577720280913253
578,2023,1,Neuquén,28030,72639,32296,23937,160412,8.902031211295517
579,2022,4,Neuquén,28609,72679,31567,23815,160180,2.3093737130547725
580,2022,3,Neuquén,29352,75815,29396,27482,163161,7.385358552183971
581,2022,2,Neuquén,29749,74905,28824,27371,161968,1.984457396613933
582,2022,1,Neuquén,28443,73200,24193,23098,149679,19.141900549745795
583,2021,4,Neuquén,29175,72761,23253,21531,147466,4.042489141186083
584,2021,3,Neuquén,29650,73794,16455,19270,139809,41.3126709206928
585,2021,2,Neuquén,30083,72690,15619,19218,138250,5.3524553428516555
586,2021,1,Neuquén,30223,70457,14171,17752,133235,10.218050949121444
587,2020,4,Neuquén,30468,70614,13732,17689,133135,3.1969123215846196
588,2020,3,Neuquén,30222,70446,11043,16787,129235,24.3502671375532
589,2020,2,Neuquén,30256,67990,11037,15755,126172,0.05436259853220984
590,2020,1,Neuquén,29305,65951,11031,14711,121727,0.054392167527875984
591,2019,4,Neuquén,29826,60970,10549,14246,116445,4.569153474262963
592,2019,3,Neuquén,43347,60484,5560,13512,125421,89.73021582733813
593,2019,2,Neuquén,43420,59021,4983,12792,122953,11.579369857515553
594,2019,1,Neuquén,40747,55634,3114,12510,114377,60.01926782273603
595,2018,4,Neuquén,40747,55634,3115,12425,114365,-0.03210272873194221
596,2018,3,Neuquén,46602,54129,998,12277,116718,212.12424849699397
597,2018,2,Neuquén,46633,52855,998,12649,115848,0.0
598,2018,1,Neuquén,46714,55072,1000,12404,117903,-0.2
599,2017,4,Neuquén,46739,54119,1017,12404,116971,-1.671583087512291
600,2017,3,Neuquén,48001,52468,1044,11576,115784,-2.586206896551724
601,2017,2,Neuquén,51794,50283,1133,11545,117433,-7.855251544571932
602,2017,1,Neuquén,51771,48109,1124,11665,115339,0.800711743772242
603,2016,4,Neuquén,51742,46389,1124,11910,113835,0.0
604,2016,3,Neuquén,51752,44739,1093,12402,112603,2.8362305580969807
605,2016,2,Neuquén,51742,42370,1088,12466,110515,0.4595588235294118
606,2016,1,Neuquén,51702,36122,1085,12502,104261,0.2764976958525346
607,2015,4,Neuquén,51680,38902,1048,12934,107416,3.5305343511450387
608,2015,3,Neuquén,47102,36620,1045,13051,100616,0.28708133971291866
609,2015,2,Neuquén,47078,34183,1044,12781,97885,0.09578544061302681
610,2015,1,Neuquén,47518,32152,1024,12088,95742,1.953125
611,2014,4,Neuquén,47721,31778,1014,11853,95396,0.9861932938856016
612,2014,3,Neuquén,54458,30964,1000,12858,102367,1.4000000000000001
613,2014,2,Neuquén,47767,29776,997,10765,92288,0.3009027081243731
614,2014,1,Neuquén,47790,28161,997,10381,90380,0.0
615,2024,1,Río Negro,20841,49727,66889,17733,171019,
616,2023,4,Río Negro,21192,49789,64323,17284,168417,3.989241795314273
617,2023,3,Río Negro,22422,50429,56668,16864,163485,13.50850568221924
618,2023,2,Río Negro,26390,49684,53325,16864,163379,6.2691045475855605
619,2023,1,Río Negro,33604,49128,45329,16857,164331,17.63992146308103
620,2022,4,Río Negro,34043,48401,43958,16277,162092,3.1188862095636742
621,2022,3,Río Negro,35552,48260,41017,16760,160558,7.170197722895384
622,2022,2,Río Negro,36050,47040,40946,16760,159764,0.17339911102427588
623,2022,1,Río Negro,38662,45366,38037,16815,157374,7.64781659962668
624,2021,4,Río Negro,42037,44495,32212,16558,153753,18.0833229852229
625,2021,3,Río Negro,47934,44519,18725,15031,144585,72.02670226969292
626,2021,2,Río Negro,48189,43761,18727,15031,144084,-0.010679767181075453
627,2021,1,Río Negro,48777,42192,17828,13994,141168,5.0426295714606235
628,2020,4,Río Negro,48991,42022,17826,13994,141210,0.011219566924716706
629,2020,3,Río Negro,49530,40001,10381,13187,131467,71.71756092861959
630,2020,2,Río Negro,49756,39650,10382,11331,129486,-0.009632055480639569
631,2020,1,Río Negro,47756,38479,10381,11222,126200,0.009632983334938831
632,2019,4,Río Negro,49747,37933,9658,11437,127140,7.486021950714433
633,2019,3,Río Negro,67478,37425,9739,10806,144295,-0.8317075675120649
634,2019,2,Río Negro,67841,36527,4037,10485,138547,141.2434976467674
635,2019,1,Río Negro,68377,34124,3994,9736,121088,1.0766149223835753
636,2018,4,Río Negro,68377,34292,1299,8037,116837,207.46728252501921
637,2018,3,Río Negro,68590,33474,1252,5051,113492,3.753993610223642
638,2018,2,Río Negro,68667,32795,1252,4396,112235,0.0
639,2018,1,Río Negro,68769,31712,1251,4259,111119,0.07993605115907274
640,2017,4,Río Negro,68690,30451,1250,4259,109764,0.08
641,2017,3,Río Negro,69301,30018,1106,3054,107496,13.01989150090416
642,2017,2,Río Negro,67038,29147,961,3213,101619,15.088449531737774
643,2017,1,Río Negro,67075,28785,954,3213,101288,0.7337526205450734
644,2016,4,Río Negro,67057,28474,954,3274,101020,0.0
645,2016,3,Río Negro,67043,28496,942,3293,101026,1.2738853503184715
646,2016,2,Río Negro,67031,28100,939,3300,100704,0.3194888178913738
647,2016,1,Río Negro,66894,27312,937,3341,99822,0.21344717182497333
648,2015,4,Río Negro,66851,27221,915,3407,99722,2.4043715846994536
649,2015,3,Río Negro,66806,27130,917,3415,99614,-0.21810250817884408
650,2015,2,Río Negro,66738,26268,916,3457,98727,0.10917030567685589
651,2015,1,Río Negro,66274,25217,907,3473,97333,0.9922822491730982
652,2014,4,Río Negro,66307,23703,901,3819,96260,0.6659267480577136
653,2014,3,Río Negro,65264,26590,888,3533,97780,1.4639639639639639
654,2014,2,Río Negro,64920,24944,876,3657,95957,1.36986301369863
655,2014,1,Río Negro,64886,24156,876,3576,95066,0.0
656,2024,1,Salta,23858,99150,61543,11807,202861,
657,2023,4,Salta,26765,98853,60800,11806,204732,1.2220394736842106
658,2023,3,Salta,29113,98324,59914,12337,206233,1.4787862603064392
659,2023,2,Salta,30666,97501,58275,12337,205328,2.8125268125268126
660,2023,1,Salta,33427,96922,56259,12269,205426,3.5834266517357225
661,2022,4,Salta,36939,97023,53470,11884,205860,5.216008976996447
662,2022,3,Salta,40006,96984,50254,10082,204541,6.399490587813905
663,2022,2,Salta,42665,96178,47076,10068,203177,6.75078596312346
664,2022,1,Salta,44714,98667,40994,5950,197515,14.836317509879496
665,2021,4,Salta,46972,99808,39555,5882,199405,3.637972443433194
666,2021,3,Salta,49212,98318,36126,5724,195833,9.491778774289985
667,2021,2,Salta,51396,96016,32050,5724,191639,12.717628705148206
668,2021,1,Salta,54768,89187,31498,5669,187574,1.7524922217283638
669,2020,4,Salta,56659,87817,30604,5858,187390,2.9211867729708536
670,2020,3,Salta,58216,84128,25445,5764,180846,20.275103163686385
671,2020,2,Salta,59502,81740,24289,5123,177762,4.759356087117625
672,2020,1,Salta,60426,75593,23025,4125,170381,5.489685124864278
673,2019,4,Salta,63272,76062,21865,3040,172445,5.305282414818203
674,2019,3,Salta,65799,74329,733,1580,151835,2882.9467939972715
675,2019,2,Salta,68827,62343,725,1210,142568,1.103448275862069
676,2019,1,Salta,74426,57933,647,1135,136020,12.055641421947449
677,2018,4,Salta,74295,57539,638,253,134578,1.4106583072100314
678,2018,3,Salta,76600,53980,678,234,132883,-5.899705014749262
679,2018,2,Salta,78386,53478,678,234,134167,0.0
680,2018,1,Salta,79936,51534,118,204,133183,474.57627118644064
681,2017,4,Salta,80705,50446,127,158,132812,-7.086614173228346
682,2017,3,Salta,80782,50284,127,158,132518,0.0
683,2017,2,Salta,80184,27280,115,158,108541,10.434782608695652
684,2017,1,Salta,79837,26845,114,158,107633,0.8771929824561403
685,2016,4,Salta,79389,26657,110,158,106935,3.6363636363636362
686,2016,3,Salta,80866,26113,90,157,107791,22.22222222222222
687,2016,2,Salta,79438,24719,85,151,104932,5.88235294117647
688,2016,1,Salta,78973,22741,73,132,102426,16.43835616438356
689,2015,4,Salta,78744,22446,47,129,101920,55.319148936170215
690,2015,3,Salta,78064,21688,47,129,100573,0.0
691,2015,2,Salta,77214,20297,47,129,98267,0.0
692,2015,1,Salta,76280,19781,47,129,96811,0.0
693,2014,4,Salta,76026,17289,48,6,93947,-2.083333333333333
694,2014,3,Salta,73828,18394,43,109,92954,11.627906976744185
695,2014,2,Salta,73841,17504,45,7,91974,-4.444444444444445
696,2014,1,Salta,73131,17538,45,8,91290,0.0
697,2024,1,San Juan,12669,18543,44904,23594,106666,
698,2023,4,San Juan,12669,18543,42691,22351,103210,5.183762385514512
699,2023,3,San Juan,12669,19376,42383,22317,103730,0.7267064624967557
700,2023,2,San Juan,21483,20200,25217,23545,97449,68.07312527263353
701,2023,1,San Juan,38568,21215,12798,21912,101767,97.03859978121582
702,2022,4,San Juan,38570,22913,12491,21912,103826,2.4577695941077575
703,2022,3,San Juan,38570,22723,12328,21860,103399,1.3221933809214796
704,2022,2,San Juan,38570,19734,12328,21859,100407,0.0
705,2022,1,San Juan,34038,14449,11294,20723,88178,9.15530370108022
706,2021,4,San Juan,35868,13102,11072,11423,79958,2.005057803468208
707,2021,3,San Juan,40072,12922,6670,11372,79483,65.99700149925037
708,2021,2,San Juan,40072,12369,6673,11372,78933,-0.04495729057395474
709,2021,1,San Juan,40072,11589,6671,11482,78267,0.029980512666766605
710,2020,4,San Juan,40072,7004,6599,10468,72596,1.091074405212911
711,2020,3,San Juan,40092,9223,5509,14023,77327,19.785805046287894
712,2020,2,San Juan,40092,8275,5509,7019,69777,0.0
713,2020,1,San Juan,40092,6448,5508,7082,64231,0.01815541031227306
714,2019,4,San Juan,41360,6338,4931,7241,64974,11.701480429933078
715,2019,3,San Juan,51670,7425,1227,7241,73098,301.8744906275469
716,2019,2,San Juan,51680,7425,1174,2870,70025,4.514480408858603
717,2019,1,San Juan,51660,5838,808,2932,62445,45.2970297029703
718,2018,4,San Juan,51660,5838,806,2883,62398,0.24813895781637718
719,2018,3,San Juan,54025,5838,826,2744,64481,-2.4213075060532687
720,2018,2,San Juan,54080,5068,826,3079,64101,0.0
721,2018,1,San Juan,54080,5068,826,2246,63268,0.0
722,2017,4,San Juan,54079,451,812,2246,58624,1.7241379310344827
723,2017,3,San Juan,54499,5068,816,1053,62449,-0.49019607843137253
724,2017,2,San Juan,48670,451,772,1073,51881,5.699481865284974
725,2017,1,San Juan,48670,451,772,1073,51873,0.0
726,2016,4,San Juan,48670,451,772,1121,51921,0.0
727,2016,3,San Juan,48670,451,770,1174,51968,0.2597402597402597
728,2016,2,San Juan,48670,451,770,1214,52013,0.0
729,2016,1,San Juan,48670,451,770,1195,51994,0.0
730,2015,4,San Juan,48670,451,770,1230,52029,0.0
731,2015,3,San Juan,48670,451,770,1231,52030,0.0
732,2015,2,San Juan,48670,451,770,1189,51988,0.0
733,2015,1,San Juan,48441,451,755,1165,51819,1.9867549668874174
734,2014,4,San Juan,48653,451,740,1202,52119,2.027027027027027
735,2014,3,San Juan,48272,451,731,1199,51779,1.231190150478796
736,2014,2,San Juan,48161,451,722,1139,51646,1.2465373961218837
737,2014,1,San Juan,48161,434,722,808,51298,0.0
738,2024,1,San Luis,4038,41260,31539,78954,156090,
739,2023,4,San Luis,4037,41260,30135,78954,154685,4.659034345445495
740,2023,3,San Luis,4037,41624,24525,78431,148916,22.87461773700306
741,2023,2,San Luis,4937,41949,15595,77960,140748,57.26194293042642
742,2023,1,San Luis,6283,42789,6952,78954,135463,124.32393555811277
743,2022,4,San Luis,6283,43460,3409,81557,135220,103.93077148723965
744,2022,3,San Luis,6860,29363,248,70614,122070,1274.5967741935483
745,2022,2,San Luis,6860,29034,248,70614,121741,0.0
746,2022,1,San Luis,7987,11296,31,71809,119844,700.0
747,2021,4,San Luis,8472,11064,30,70560,118849,3.3333333333333335
748,2021,3,San Luis,8417,11884,27,68856,117864,11.11111111111111
749,2021,2,San Luis,8417,11308,28,66860,122818,-3.571428571428571
750,2021,1,San Luis,8417,10678,28,63826,119154,0.0
751,2020,4,San Luis,8417,11767,27,63019,119435,3.7037037037037033
752,2020,3,San Luis,8401,10077,6,61828,116565,350.0
753,2020,2,San Luis,8401,8357,6,60935,113952,0.0
754,2020,1,San Luis,8301,7612,5,58301,110552,20.0
755,2019,4,San Luis,8569,8027,6,55266,108201,-16.666666666666664
756,2019,3,San Luis,13037,10561,350,62286,122700,-98.28571428571429
757,2019,2,San Luis,11130,10298,347,57242,117385,0.8645533141210375
758,2019,1,San Luis,11108,7784,378,53097,96335,-8.201058201058201
759,2018,4,San Luis,11108,7784,378,53097,96331,0.0
760,2018,3,San Luis,11096,7784,368,52859,74421,2.717391304347826
761,2018,2,San Luis,11104,7666,368,16,21468,0.0
762,2018,1,San Luis,11104,7594,368,16,21396,0.0
763,2017,4,San Luis,11104,1119,335,17,14904,9.850746268656717
764,2017,3,San Luis,11407,7576,347,26,21719,-3.45821325648415
765,2017,2,San Luis,11432,1120,354,26,13307,-1.977401129943503
766,2017,1,San Luis,11432,1120,354,26,13307,0.0
767,2016,4,San Luis,11432,1120,354,26,13307,0.0
768,2016,3,San Luis,11432,1113,354,23,13293,0.0
769,2016,2,San Luis,11432,1063,354,30,13256,0.0
770,2016,1,San Luis,11432,1042,354,27,13232,0.0
771,2015,4,San Luis,11432,1025,354,30,13218,0.0
772,2015,3,San Luis,11432,1025,354,31,13219,0.0
773,2015,2,San Luis,11432,1025,354,33,13221,0.0
774,2015,1,San Luis,11414,1025,351,30,13232,0.8547008547008548
775,2014,4,San Luis,11419,926,355,24,13147,-1.1267605633802817
776,2014,3,San Luis,11303,925,355,25,13046,0.0
777,2014,2,San Luis,11306,925,354,22,13055,0.2824858757062147
778,2014,1,San Luis,11306,428,354,21,12557,0.0
779,2024,1,Santa Cruz,7768,14435,49545,7799,80208,
780,2023,4,Santa Cruz,7768,15669,55246,7687,87031,-10.319299134778989
781,2023,3,Santa Cruz,8376,23931,11270,3660,47987,390.2040816326531
782,2023,2,Santa Cruz,9019,23896,11269,3660,48602,0.008873901854645488
783,2023,1,Santa Cruz,9702,23839,12217,3660,50361,-7.7596791356306785
784,2022,4,Santa Cruz,9702,23876,12217,3746,50203,0.0
785,2022,3,Santa Cruz,10170,24047,10815,3896,49510,12.96347665279704
786,2022,2,Santa Cruz,10170,23725,10815,3896,49185,0.0
787,2022,1,Santa Cruz,10537,23420,10766,3974,49102,0.45513654096228867
788,2021,4,Santa Cruz,10790,22902,10031,4346,48486,7.327285415212841
789,2021,3,Santa Cruz,12347,22961,6328,4269,48976,58.51769911504425
790,2021,2,Santa Cruz,12347,22967,6328,4269,48982,0.0
791,2021,1,Santa Cruz,12347,23089,5975,4264,46065,5.907949790794979
792,2020,4,Santa Cruz,12347,19657,1041,4659,40674,473.96733909702215
793,2020,3,Santa Cruz,12845,16098,1027,6938,39281,1.3631937682570594
794,2020,2,Santa Cruz,12845,16044,1027,6585,38869,0.0
795,2020,1,Santa Cruz,12845,15766,1026,6817,38822,0.09746588693957114
796,2019,4,Santa Cruz,13264,15899,1036,6800,39370,-0.9652509652509652
797,2019,3,Santa Cruz,10663,17056,969,6544,37970,6.9143446852425186
798,2019,2,Santa Cruz,10665,10257,379,6514,30550,155.67282321899737
799,2019,1,Santa Cruz,10659,4615,382,6514,24905,-0.7853403141361256
800,2018,4,Santa Cruz,10659,4615,382,6378,24768,0.0
801,2018,3,Santa Cruz,18606,4574,585,6238,33999,-34.7008547008547
802,2018,2,Santa Cruz,18615,4474,585,6734,34405,0.0
803,2018,1,Santa Cruz,18615,4474,1799,6734,34405,-67.48193440800445
804,2017,4,Santa Cruz,18614,1668,582,4638,29452,209.106529209622
805,2017,3,Santa Cruz,19220,5487,1544,4552,33690,-62.30569948186528
806,2017,2,Santa Cruz,15311,2722,1365,4735,26388,13.113553113553115
807,2017,1,Santa Cruz,15502,2722,1272,4733,26486,7.311320754716981
808,2016,4,Santa Cruz,15607,2722,1055,4823,26464,20.568720379146917
809,2016,3,Santa Cruz,15570,2722,817,4978,26257,29.13096695226438
810,2016,2,Santa Cruz,15453,2722,396,4996,26153,106.31313131313132
811,2016,1,Santa Cruz,15654,2723,396,5088,26287,0.0
812,2015,4,Santa Cruz,15614,2723,396,5261,26403,0.0
813,2015,3,Santa Cruz,15540,2718,396,5226,26271,0.0
814,2015,2,Santa Cruz,15343,2707,396,4917,25763,0.0
815,2015,1,Santa Cruz,16215,2700,392,4772,26641,1.0204081632653061
816,2014,4,Santa Cruz,17553,448,388,4395,25713,1.0309278350515463
817,2014,3,Santa Cruz,17862,492,385,4273,26110,0.7792207792207793
818,2014,2,Santa Cruz,18956,448,381,4118,27169,1.0498687664041995
819,2014,1,Santa Cruz,18927,100,381,4092,26764,0.0
820,2024,1,Santa Fe,86548,399817,374288,44162,918588,
821,2023,4,Santa Fe,97004,398670,355762,44521,909501,5.207413945278023
822,2023,3,Santa Fe,108503,397854,336013,44545,900352,5.877451170044016
823,2023,2,Santa Fe,126344,399669,311166,44134,895814,7.985126909752351
824,2023,1,Santa Fe,138935,405618,283988,43487,886274,9.570122681240052
825,2022,4,Santa Fe,163621,412157,248558,44113,887691,14.254218331335142
826,2022,3,Santa Fe,183740,426255,215189,43079,887810,15.506833527736083
827,2022,2,Santa Fe,198492,428233,189503,43081,878859,13.554402832672835
828,2022,1,Santa Fe,213486,444609,146552,45261,870479,29.30768600906163
829,2021,4,Santa Fe,233427,444373,128856,43556,866441,13.73315949587136
830,2021,3,Santa Fe,245929,443156,93412,43447,841584,37.94373313921124
831,2021,2,Santa Fe,256741,431915,90424,43997,840600,3.304432451561532
832,2021,1,Santa Fe,277012,421480,70976,39140,826127,27.400811541929667
833,2020,4,Santa Fe,287271,414746,62692,38712,820813,13.21380718432974
834,2020,3,Santa Fe,295051,405807,45721,37112,802998,37.11861070405284
835,2020,2,Santa Fe,299974,381679,46698,30487,777932,-2.09216668808086
836,2020,1,Santa Fe,302366,383673,35123,30488,771118,32.95561313099678
837,2019,4,Santa Fe,312072,382254,27464,26978,769169,27.88741625400524
838,2019,3,Santa Fe,319396,377171,18690,24269,760934,46.94489031567684
839,2019,2,Santa Fe,325420,355140,18236,21980,743484,2.489581048475543
840,2019,1,Santa Fe,340038,340344,15621,23215,737078,16.74028551309135
841,2018,4,Santa Fe,335519,322782,14387,18705,720390,8.577187738930979
842,2018,3,Santa Fe,339126,312866,11749,16337,695100,22.452974721252872
843,2018,2,Santa Fe,337934,304349,11354,15801,684552,3.4789501497269684
844,2018,1,Santa Fe,341997,300421,10674,11636,680026,6.370620198613454
845,2017,4,Santa Fe,341680,293831,10602,10965,672460,0.6791171477079796
846,2017,3,Santa Fe,322953,290655,6338,4897,662342,67.27674345219312
847,2017,2,Santa Fe,329813,228102,3234,4958,567280,95.98021026592455
848,2017,1,Santa Fe,327458,226094,3210,4948,562882,0.7476635514018692
849,2016,4,Santa Fe,326721,225792,3201,4946,561832,0.28116213683223995
850,2016,3,Santa Fe,334911,223011,3037,4862,567011,5.40006585446164
851,2016,2,Santa Fe,336244,219088,2981,4744,564474,1.8785642401878564
852,2016,1,Santa Fe,338052,204816,3014,4686,551996,-1.094890510948905
853,2015,4,Santa Fe,339843,212911,2885,4596,561672,4.471403812824957
854,2015,3,Santa Fe,337042,209673,4169,4426,556738,-30.798752698488848
855,2015,2,Santa Fe,333117,204685,2877,4320,546388,44.90789016336462
856,2015,1,Santa Fe,328809,199037,2845,4239,536437,1.124780316344464
857,2014,4,Santa Fe,335267,183009,3205,6282,529397,-11.23244929797192
858,2014,3,Santa Fe,325577,183630,4407,6540,520887,-27.27479010664851
859,2014,2,Santa Fe,324101,178495,3085,6041,512358,42.85251215559157
860,2014,1,Santa Fe,322662,174296,3059,5951,506612,0.8499509643674402
861,2024,1,Santiago Del Estero,6644,80722,27018,7058,124362,
862,2023,4,Santiago Del Estero,8290,80692,24271,7057,123230,11.318033867578592
863,2023,3,Santiago Del Estero,9412,80919,21745,6916,121928,11.616463554840193
864,2023,2,Santiago Del Estero,10629,80086,17244,6916,117809,26.101832521456735
865,2023,1,Santiago Del Estero,11642,80407,16656,6916,118555,3.5302593659942363
866,2022,4,Santiago Del Estero,13577,80955,15117,6911,119494,10.180591387179996
867,2022,3,Santiago Del Estero,15385,80937,13170,6618,119032,14.78359908883827
868,2022,2,Santiago Del Estero,16561,80338,11605,6618,118044,13.485566566135287
869,2022,1,Santiago Del Estero,18118,87979,1093,6349,116461,961.7566331198535
870,2021,4,Santiago Del Estero,19032,86563,1088,6256,115861,0.4595588235294118
871,2021,3,Santiago Del Estero,19939,85535,909,6147,115458,19.691969196919693
872,2021,2,Santiago Del Estero,20734,83770,909,5081,114090,0.0
873,2021,1,Santiago Del Estero,26468,75849,570,5158,111641,59.473684210526315
874,2020,4,Santiago Del Estero,26812,70522,570,5169,106669,0.0
875,2020,3,Santiago Del Estero,26419,70720,555,4185,105492,2.7027027027027026
876,2020,2,Santiago Del Estero,25917,72074,355,3038,105447,56.33802816901409
877,2020,1,Santiago Del Estero,24695,70424,200,2779,102755,77.5
878,2019,4,Santiago Del Estero,24682,71239,200,2810,103588,0.0
879,2019,3,Santiago Del Estero,24556,71198,219,2759,133132,-8.67579908675799
880,2019,2,Santiago Del Estero,24393,64783,219,2759,126754,0.0
881,2019,1,Santiago Del Estero,25337,61547,23,2847,89853,852.1739130434784
882,2018,4,Santiago Del Estero,25339,61243,23,2649,89335,0.0
883,2018,3,Santiago Del Estero,25805,58789,23,1662,86360,0.0
884,2018,2,Santiago Del Estero,26074,55935,23,1662,83775,0.0
885,2018,1,Santiago Del Estero,26788,54594,23,1432,82918,0.0
886,2017,4,Santiago Del Estero,27313,40407,19,1025,68844,21.052631578947366
887,2017,3,Santiago Del Estero,27733,54096,19,911,82794,0.0
888,2017,2,Santiago Del Estero,28337,3900,19,911,33196,0.0
889,2017,1,Santiago Del Estero,29616,3900,19,911,34475,0.0
890,2016,4,Santiago Del Estero,30192,3900,19,911,35051,0.0
891,2016,3,Santiago Del Estero,31730,3900,19,3,35660,0.0
892,2016,2,Santiago Del Estero,32101,3900,19,911,36961,0.0
893,2016,1,Santiago Del Estero,32838,3900,19,911,37698,0.0
894,2015,4,Santiago Del Estero,33582,4365,19,1139,39135,0.0
895,2015,3,Santiago Del Estero,33886,4365,19,1097,39397,0.0
896,2015,2,Santiago Del Estero,33873,4365,19,1091,39378,0.0
897,2015,1,Santiago Del Estero,33813,4365,19,1020,39252,0.0
898,2014,4,Santiago Del Estero,34110,4231,19,920,39317,0.0
899,2014,3,Santiago Del Estero,32820,3900,19,768,37548,0.0
900,2014,2,Santiago Del Estero,32820,4231,19,907,38011,0.0
901,2014,1,Santiago Del Estero,32567,3598,19,915,37133,0.0
902,2024,1,Tierra Del Fuego,9357,48005,3684,177,61555,
903,2023,4,Tierra Del Fuego,9357,48071,3682,157,61599,0.05431830526887561
904,2023,3,Tierra Del Fuego,9357,45203,3682,157,58731,0.0
905,2023,2,Tierra Del Fuego,12392,45224,525,157,58635,601.3333333333334
906,2023,1,Tierra Del Fuego,12754,43146,405,157,57113,29.629629629629626
907,2022,4,Tierra Del Fuego,12754,41293,405,157,55260,0.0
908,2022,3,Tierra Del Fuego,12754,39963,403,125,53896,0.49627791563275436
909,2022,2,Tierra Del Fuego,12754,39837,403,125,53770,0.0
910,2022,1,Tierra Del Fuego,13031,38700,416,124,52611,-3.125
911,2021,4,Tierra Del Fuego,13317,38148,426,124,52357,-2.3474178403755865
912,2021,3,Tierra Del Fuego,12853,36958,6,16,50223,7000.0
913,2021,2,Tierra Del Fuego,12853,22504,6,14,35693,0.0
914,2021,1,Tierra Del Fuego,12853,27247,6,0,40422,0.0
915,2020,4,Tierra Del Fuego,12853,26439,6,0,39614,0.0
916,2020,3,Tierra Del Fuego,12854,26491,0,0,39655,inf
917,2020,2,Tierra Del Fuego,12854,26025,0,0,39189,
918,2020,1,Tierra Del Fuego,12854,25632,0,0,38794,
919,2019,4,Tierra Del Fuego,13261,26821,0,0,40392,
920,2019,3,Tierra Del Fuego,19790,26659,651,0,48587,-100.0
921,2019,2,Tierra Del Fuego,19790,25527,651,0,47454,0.0
922,2019,1,Tierra Del Fuego,19789,23549,1623,0,46447,-59.88909426987061
923,2018,4,Tierra Del Fuego,19789,23349,1623,0,46260,0.0
924,2018,3,Tierra Del Fuego,19365,22649,1502,1,45564,8.055925432756325
925,2018,2,Tierra Del Fuego,19372,22756,531,1,44707,182.86252354048963
926,2018,1,Tierra Del Fuego,19372,9663,531,1,31614,0.0
927,2017,4,Tierra Del Fuego,19372,6906,530,1,28854,0.18867924528301888
928,2017,3,Tierra Del Fuego,21587,7012,622,1,31466,-14.790996784565916
929,2017,2,Tierra Del Fuego,22636,6905,665,1,32557,-6.466165413533835
930,2017,1,Tierra Del Fuego,22636,6905,665,1,32557,0.0
931,2016,4,Tierra Del Fuego,22636,6905,665,1,32557,0.0
932,2016,3,Tierra Del Fuego,22636,6276,665,1,31925,0.0
933,2016,2,Tierra Del Fuego,22636,5707,665,1,31359,0.0
934,2016,1,Tierra Del Fuego,22636,4834,665,1,30486,0.0
935,2015,4,Tierra Del Fuego,22636,4301,665,1,29953,0.0
936,2015,3,Tierra Del Fuego,22636,8085,665,1,33737,0.0
937,2015,2,Tierra Del Fuego,22636,7927,665,1,33579,0.0
938,2015,1,Tierra Del Fuego,22291,7924,657,1,33456,1.21765601217656
939,2014,4,Tierra Del Fuego,21948,3664,655,1,28990,0.3053435114503817
940,2014,3,Tierra Del Fuego,21840,3469,650,1,28792,0.7692307692307693
941,2014,2,Tierra Del Fuego,21618,3008,648,1,28209,0.30864197530864196
942,2014,1,Tierra Del Fuego,21618,2837,648,1,28038,0.0
943,2024,1,Tucumán,33682,20361,205959,4075,264595,
944,2023,4,Tucumán,41318,20267,199876,4357,266335,3.043386899877924
945,2023,3,Tucumán,46348,20545,195053,4088,266557,2.472661276678646
946,2023,2,Tucumán,50019,20012,188986,4060,263602,3.2102907093647146
947,2023,1,Tucumán,55822,19482,180976,4293,261100,4.42600123773318
948,2022,4,Tucumán,69441,20668,168717,4069,263422,7.26601350189963
949,2022,3,Tucumán,77738,18518,162345,3997,263117,3.92497459114848
950,2022,2,Tucumán,85893,15327,148823,3997,254527,9.08596117535596
951,2022,1,Tucumán,92532,62396,86174,3995,245584,72.70058254229814
952,2021,4,Tucumán,97830,59022,78790,2511,238639,9.371747683716206
953,2021,3,Tucumán,104489,53868,70964,2408,232472,11.028126937602165
954,2021,2,Tucumán,110429,48359,71683,1837,233051,-1.0030272170528578
955,2021,1,Tucumán,147199,12185,69954,1834,231912,2.4716242101952712
956,2020,4,Tucumán,149322,11150,68043,1834,231089,2.808518142939024
957,2020,3,Tucumán,149605,11752,59949,1808,223876,13.501476254816595
958,2020,2,Tucumán,150084,9833,55120,1357,217156,8.76088534107402
959,2020,1,Tucumán,143184,10494,44687,1355,200067,23.34683464989818
960,2019,4,Tucumán,146985,11012,39574,725,198644,12.920099054935058
961,2019,3,Tucumán,150918,12089,116,684,164131,34015.51724137931
962,2019,2,Tucumán,153121,12089,116,684,166331,0.0
963,2019,1,Tucumán,159215,11670,118,678,172002,-1.694915254237288
964,2018,4,Tucumán,159215,11670,119,686,172004,-0.8403361344537815
965,2018,3,Tucumán,161209,9280,110,252,171166,8.181818181818182
966,2018,2,Tucumán,160315,8965,110,252,169957,0.0
967,2018,1,Tucumán,158611,8921,107,368,168057,2.803738317757009
968,2017,4,Tucumán,156583,5223,105,102,162332,1.9047619047619049
969,2017,3,Tucumán,154130,6431,106,40,161012,-0.9433962264150944
970,2017,2,Tucumán,149013,5223,116,14,154411,-8.620689655172415
971,2017,1,Tucumán,147373,5223,116,14,152771,0.0
972,2016,4,Tucumán,146995,4482,116,14,151652,0.0
973,2016,3,Tucumán,147259,3850,116,53,151319,0.0
974,2016,2,Tucumán,145486,2968,116,58,148677,0.0
975,2016,1,Tucumán,144233,2165,116,74,146637,0.0
976,2015,4,Tucumán,144188,1653,116,88,146095,0.0
977,2015,3,Tucumán,142925,1135,116,88,144314,0.0
978,2015,2,Tucumán,139944,479,116,88,140677,0.0
979,2015,1,Tucumán,137857,115,116,88,138276,0.0
980,2014,4,Tucumán,137093,97,116,13,137424,0.0
981,2014,3,Tucumán,131739,97,117,13,132066,-0.8547008547008548
982,2014,2,Tucumán,131740,97,121,13,132069,-3.3057851239669422
983,2014,1,Tucumán,129717,83,121,13,130032,0.0
