Fecha cotizacion;Compra;Venta;
3/1/2012;4,2900;4,3200;
4/1/2012;4,2900;4,3200;
5/1/2012;4,2900;4,3200;
6/1/2012;4,3000;4,3300;
9/1/2012;4,3000;4,3300;
10/1/2012;4,3000;4,3300;
11/1/2012;4,3000;4,3300;
12/1/2012;4,3000;4,3300;
13/1/2012;4,3000;4,3300;
16/1/2012;4,3000;4,3300;
17/1/2012;4,3000;4,3300;
18/1/2012;4,3000;4,3300;
19/1/2012;4,3000;4,3300;
20/1/2012;4,3100;4,3400;
23/1/2012;4,3100;4,3400;
24/1/2012;4,3150;4,3450;
25/1/2012;4,3200;4,3500;
26/1/2012;4,3200;4,3500;
27/1/2012;4,3200;4,3500;
30/1/2012;4,3200;4,3500;
31/1/2012;4,3200;4,3500;
1/2/2012;4,3200;4,3500;
2/2/2012;4,3200;4,3500;
3/2/2012;4,3200;4,3500;
6/2/2012;4,3200;4,3500;
7/2/2012;4,3200;4,3500;
8/2/2012;4,3250;4,3550;
9/2/2012;4,3300;4,3600;
10/2/2012;4,3300;4,3600;
13/2/2012;4,3300;4,3600;
14/2/2012;4,3300;4,3600;
15/2/2012;4,3300;4,3600;
16/2/2012;4,3200;4,3600;
17/2/2012;4,3400;4,3700;
22/2/2012;4,3400;4,3700;
23/2/2012;4,3400;4,3700;
24/2/2012;4,3400;4,3700;
28/2/2012;4,3400;4,3700;
29/2/2012;4,3400;4,3700;
1/3/2012;4,3400;4,3700;
2/3/2012;4,3250;4,3550;
5/3/2012;4,3250;4,3550;
6/3/2012;4,3250;4,3550;
7/3/2012;4,3250;4,3550;
8/3/2012;4,3250;4,3550;
9/3/2012;4,3250;4,3550;
12/3/2012;4,3250;4,3550;
13/3/2012;4,3300;4,3600;
14/3/2012;4,3400;4,3700;
15/3/2012;4,3400;4,3700;
16/3/2012;4,3450;4,3750;
19/3/2012;4,3450;4,3750;
20/3/2012;4,3450;4,3750;
21/3/2012;4,3500;4,3800;
22/3/2012;4,3500;4,3800;
23/3/2012;4,3500;4,3800;
26/3/2012;4,3600;4,3900;
27/3/2012;4,3600;4,3900;
28/3/2012;4,3600;4,3900;
29/3/2012;4,3600;4,3900;
30/3/2012;4,3600;4,3900;
3/4/2012;4,3700;4,4000;
4/4/2012;4,3700;4,4000;
9/4/2012;4,3700;4,4000;
10/4/2012;4,3700;4,4000;
11/4/2012;4,3700;4,4000;
12/4/2012;4,3750;4,4050;
13/4/2012;4,3800;4,4100;
16/4/2012;4,3800;4,4100;
17/4/2012;4,3800;4,4100;
18/4/2012;4,3900;4,4200;
19/4/2012;4,3900;4,4200;
20/4/2012;4,3900;4,4200;
23/4/2012;4,3900;4,4200;
24/4/2012;4,4000;4,4300;
25/4/2012;4,4000;4,4300;
26/4/2012;4,4000;4,4300;
27/4/2012;4,4000;4,4300;
2/5/2012;4,4100;4,4400;
3/5/2012;4,4100;4,4400;
4/5/2012;4,4200;4,4500;
7/5/2012;4,4200;4,4500;
8/5/2012;4,4200;4,4500;
9/5/2012;4,4300;4,4600;
10/5/2012;4,4300;4,4600;
11/5/2012;4,4300;4,4600;
14/5/2012;4,4300;4,4600;
15/5/2012;4,4300;4,4600;
16/5/2012;4,4300;4,4600;
17/5/2012;4,4400;4,4700;
18/5/2012;4,4400;4,4700;
21/5/2012;4,4500;4,4800;
22/5/2012;4,4500;4,4800;
23/5/2012;4,4500;4,4800;
24/5/2012;4,4500;4,4800;
28/5/2012;4,4600;4,4900;
29/5/2012;4,4600;4,4900;
30/5/2012;4,4600;4,4900;
31/5/2012;4,4600;4,4900;
1/6/2012;4,4600;4,4900;
4/6/2012;4,4600;4,4900;
5/6/2012;4,4700;4,5000;
6/6/2012;4,4800;4,5100;
7/6/2012;4,4700;4,5000;
8/6/2012;4,4700;4,5000;
11/6/2012;4,4700;4,5000;
12/6/2012;4,4700;4,5000;
13/6/2012;4,4700;4,5000;
14/6/2012;4,4800;4,5100;
15/6/2012;4,4800;4,5100;
18/6/2012;4,4800;4,5100;
19/6/2012;4,4800;4,5100;
21/6/2012;4,4900;4,5200;
22/6/2012;4,4900;4,5200;
25/6/2012;4,5000;4,5300;
26/6/2012;4,5000;4,5300;
27/6/2012;4,5000;4,5300;
28/6/2012;4,5000;4,5300;
29/6/2012;4,5100;4,5400;
2/7/2012;4,5100;4,5400;
3/7/2012;4,5100;4,5400;
4/7/2012;4,5100;4,5400;
5/7/2012;4,5100;4,5400;
6/7/2012;4,5200;4,5500;
10/7/2012;4,5200;4,5500;
11/7/2012;4,5200;4,5500;
12/7/2012;4,5300;4,5600;
13/7/2012;4,5300;4,5600;
16/7/2012;4,5300;4,5600;
17/7/2012;4,5400;4,5700;
18/7/2012;4,5400;4,5700;
19/7/2012;4,5400;4,5700;
20/7/2012;4,5400;4,5700;
23/7/2012;4,5500;4,5800;
24/7/2012;4,5500;4,5800;
25/7/2012;4,5500;4,5800;
26/7/2012;4,5500;4,5800;
27/7/2012;4,5600;4,5900;
30/7/2012;4,5600;4,5900;
31/7/2012;4,5600;4,5900;
1/8/2012;4,5700;4,6000;
2/8/2012;4,5700;4,6000;
3/8/2012;4,5700;4,6000;
6/8/2012;4,5700;4,6000;
7/8/2012;4,5700;4,6000;
8/8/2012;4,5800;4,6100;
9/8/2012;4,5800;4,6100;
10/8/2012;4,5800;4,6100;
13/8/2012;4,5900;4,6200;
14/8/2012;4,5900;4,6200;
15/8/2012;4,5900;4,6200;
16/8/2012;4,5900;4,6200;
17/8/2012;4,5900;4,6200;
21/8/2012;4,6000;4,6300;
22/8/2012;4,6000;4,6300;
23/8/2012;4,6000;4,6300;
24/8/2012;4,6000;4,6300;
27/8/2012;4,6100;4,6400;
28/8/2012;4,6100;4,6400;
29/8/2012;4,6100;4,6400;
30/8/2012;4,6100;4,6400;
31/8/2012;4,6200;4,6500;
3/9/2012;4,6150;4,6450;
4/9/2012;4,6200;4,6500;
5/9/2012;4,6300;4,6600;
6/9/2012;4,6300;4,6600;
7/9/2012;4,6400;4,6700;
10/9/2012;4,6400;4,6700;
11/9/2012;4,6400;4,6700;
12/9/2012;4,6400;4,6700;
13/9/2012;4,6400;4,6700;
14/9/2012;4,6500;4,6800;
17/9/2012;4,6500;4,6800;
18/9/2012;4,6500;4,6800;
19/9/2012;4,6600;4,6900;
20/9/2012;4,6600;4,6900;
21/9/2012;4,6600;4,6900;
25/9/2012;4,6700;4,7000;
26/9/2012;4,6700;4,7000;
27/9/2012;4,6700;4,7000;
28/9/2012;4,6800;4,7100;
1/10/2012;4,6800;4,7100;
2/10/2012;4,6800;4,7100;
3/10/2012;4,6800;4,7100;
4/10/2012;4,6800;4,7100;
5/10/2012;4,6900;4,7200;
9/10/2012;4,6900;4,7200;
10/10/2012;4,6900;4,7200;
11/10/2012;4,7000;4,7300;
12/10/2012;4,7000;4,7300;
15/10/2012;4,7000;4,7300;
16/10/2012;4,7100;4,7400;
17/10/2012;4,7100;4,7400;
18/10/2012;4,7100;4,7400;
19/10/2012;4,7200;4,7500;
22/10/2012;4,7200;4,7500;
23/10/2012;4,7200;4,7500;
24/10/2012;4,7300;4,7600;
25/10/2012;4,7300;4,7600;
26/10/2012;4,7300;4,7600;
29/10/2012;4,7300;4,7600;
30/10/2012;4,7400;4,7700;
31/10/2012;4,7400;4,7700;
1/11/2012;4,7500;4,7800;
2/11/2012;4,7500;4,7800;
5/11/2012;4,7400;4,7800;
7/11/2012;4,7500;4,7800;
8/11/2012;4,7500;4,7800;
9/11/2012;4,7600;4,7900;
12/11/2012;4,7600;4,7900;
13/11/2012;4,7600;4,7900;
14/11/2012;4,7700;4,8000;
15/11/2012;4,7700;4,8000;
16/11/2012;4,7800;4,8100;
19/11/2012;4,7800;4,8100;
20/11/2012;4,7800;4,8100;
21/11/2012;4,7900;4,8200;
22/11/2012;4,8000;4,8300;
23/11/2012;4,8000;4,8300;
27/11/2012;4,8000;4,8300;
28/11/2012;4,8100;4,8400;
29/11/2012;4,8100;4,8400;
30/11/2012;4,8200;4,8500;
3/12/2012;4,8200;4,8500;
4/12/2012;4,8300;4,8600;
5/12/2012;4,8300;4,8600;
6/12/2012;4,8300;4,8600;
7/12/2012;4,8400;4,8700;
10/12/2012;4,8400;4,8700;
11/12/2012;4,8400;4,8700;
12/12/2012;4,8500;4,8800;
13/12/2012;4,8500;4,8800;
14/12/2012;4,8500;4,8800;
17/12/2012;4,8600;4,8900;
18/12/2012;4,8600;4,8900;
19/12/2012;4,8700;4,9000;
20/12/2012;4,8750;4,9050;
21/12/2012;4,8800;4,9100;
26/12/2012;4,8900;4,9200;
27/12/2012;4,8900;4,9200;
28/12/2012;4,8900;4,9200;
31/12/2012;4,8900;4,9200;
2/1/2013;4,9000;4,9300;
3/1/2013;4,9000;4,9300;
4/1/2013;4,9000;4,9300;
7/1/2013;4,9100;4,9400;
8/1/2013;4,9100;4,9400;
9/1/2013;4,9100;4,9400;
10/1/2013;4,9200;4,9500;
11/1/2013;4,9200;4,9500;
14/1/2013;4,9250;4,9550;
15/1/2013;4,9250;4,9550;
16/1/2013;4,9250;4,9550;
17/1/2013;4,9250;4,9550;
18/1/2013;4,9250;4,9550;
21/1/2013;4,9300;4,9600;
22/1/2013;4,9350;4,9650;
23/1/2013;4,9400;4,9700;
24/1/2013;4,9400;4,9700;
25/1/2013;4,9400;4,9700;
28/1/2013;4,9500;4,9800;
29/1/2013;4,9500;4,9800;
30/1/2013;4,9500;4,9800;
1/2/2013;4,9550;4,9850;
4/2/2013;4,9600;4,9900;
5/2/2013;4,9600;4,9900;
6/2/2013;4,9600;4,9900;
7/2/2013;4,9650;4,9950;
8/2/2013;4,9700;5,0000;
13/2/2013;4,9800;5,0100;
14/2/2013;4,9800;5,0100;
15/2/2013;4,9850;5,0150;
18/2/2013;4,9950;5,0250;
19/2/2013;4,9950;5,0250;
21/2/2013;5,0050;5,0350;
22/2/2013;5,0050;5,0350;
25/2/2013;5,0050;5,0350;
26/2/2013;5,0100;5,0400;
27/2/2013;5,0100;5,0400;
28/2/2013;5,0200;5,0500;
1/3/2013;5,0200;5,0500;
4/3/2013;5,0250;5,0550;
5/3/2013;5,0300;5,0600;
6/3/2013;5,0350;5,0650;
7/3/2013;5,0350;5,0650;
8/3/2013;5,0400;5,0700;
11/3/2013;5,0450;5,0750;
12/3/2013;5,0500;5,0800;
13/3/2013;5,0500;5,0800;
14/3/2013;5,0600;5,0900;
15/3/2013;5,0650;5,0950;
18/3/2013;5,0700;5,1000;
19/3/2013;5,0700;5,1000;
20/3/2013;5,0700;5,1000;
21/3/2013;5,0750;5,1050;
22/3/2013;5,0850;5,1150;
25/3/2013;5,0900;5,1200;
26/3/2013;5,0900;5,1200;
27/3/2013;5,0950;5,1250;
3/4/2013;5,1050;5,1350;
4/4/2013;5,1050;5,1350;
5/4/2013;5,1100;5,1400;
8/4/2013;5,1100;5,1400;
9/4/2013;5,1100;5,1400;
10/4/2013;5,1100;5,1400;
11/4/2013;5,1150;5,1450;
12/4/2013;5,1100;5,1500;
15/4/2013;5,1250;5,1550;
16/4/2013;5,1300;5,1600;
17/4/2013;5,1300;5,1600;
18/4/2013;5,1300;5,1600;
19/4/2013;5,1350;5,1650;
22/4/2013;5,1400;5,1700;
23/4/2013;5,1450;5,1750;
24/4/2013;5,1500;5,1800;
25/4/2013;5,1500;5,1800;
26/4/2013;5,1500;5,1800;
29/4/2013;5,1550;5,1850;
30/4/2013;5,1600;5,1900;
2/5/2013;5,1650;5,1950;
3/5/2013;5,1700;5,2000;
6/5/2013;5,1800;5,2100;
7/5/2013;5,1800;5,2100;
8/5/2013;5,1850;5,2150;
9/5/2013;5,1900;5,2200;
10/5/2013;5,2000;5,2300;
13/5/2013;5,2000;5,2300;
14/5/2013;5,2050;5,2350;
15/5/2013;5,2100;5,2400;
16/5/2013;5,2100;5,2400;
17/5/2013;5,2100;5,2400;
20/5/2013;5,2150;5,2450;
21/5/2013;5,2200;5,2500;
22/5/2013;5,2250;5,2550;
23/5/2013;5,2330;5,2630;
24/5/2013;5,2400;5,2700;
27/5/2013;5,2400;5,2700;
28/5/2013;5,2400;5,2700;
29/5/2013;5,2450;5,2750;
30/5/2013;5,2500;5,2800;
31/5/2013;5,2550;5,2850;
3/6/2013;5,2600;5,2900;
4/6/2013;5,2500;5,2900;
5/6/2013;5,2550;5,2950;
6/6/2013;5,2650;5,3050;
7/6/2013;5,2650;5,3050;
10/6/2013;5,2700;5,3100;
11/6/2013;5,2750;5,3150;
12/6/2013;5,2800;5,3200;
13/6/2013;5,2900;5,3300;
14/6/2013;5,2950;5,3350;
17/6/2013;5,3000;5,3400;
18/6/2013;5,3050;5,3450;
19/6/2013;5,3150;5,3550;
24/6/2013;5,3250;5,3650;
25/6/2013;5,3250;5,3650;
26/6/2013;5,3350;5,3750;
27/6/2013;5,3450;5,3850;
28/6/2013;5,3550;5,3950;
1/7/2013;5,3550;5,3950;
2/7/2013;5,3600;5,4000;
3/7/2013;5,3650;5,4050;
4/7/2013;5,3700;5,4100;
5/7/2013;5,3700;5,4100;
8/7/2013;5,3750;5,4150;
10/7/2013;5,3750;5,4150;
11/7/2013;5,3850;5,4250;
12/7/2013;5,3900;5,4300;
15/7/2013;5,3950;5,4350;
16/7/2013;5,4000;5,4400;
17/7/2013;5,4050;5,4450;
18/7/2013;5,4150;5,4550;
19/7/2013;5,4250;5,4650;
22/7/2013;5,4250;5,4650;
23/7/2013;5,4250;5,4650;
24/7/2013;5,4300;5,4700;
25/7/2013;5,4450;5,4850;
26/7/2013;5,4450;5,4850;
29/7/2013;5,4600;5,5000;
30/7/2013;5,4650;5,5050;
31/7/2013;5,4700;5,5100;
1/8/2013;5,4750;5,5150;
2/8/2013;5,4800;5,5200;
5/8/2013;5,4850;5,5250;
6/8/2013;5,4900;5,5300;
7/8/2013;5,4950;5,5350;
8/8/2013;5,5050;5,5450;
9/8/2013;5,5050;5,5450;
12/8/2013;5,5150;5,5550;
13/8/2013;5,5250;5,5650;
14/8/2013;5,5350;5,5750;
15/8/2013;5,5450;5,5850;
16/8/2013;5,5550;5,5950;
20/8/2013;5,5600;5,6000;
21/8/2013;5,5650;5,6050;
22/8/2013;5,5800;5,6200;
23/8/2013;5,5900;5,6300;
26/8/2013;5,5950;5,6350;
27/8/2013;5,6050;5,6450;
28/8/2013;5,6150;5,6550;
29/8/2013;5,6250;5,6650;
30/8/2013;5,6350;5,6750;
2/9/2013;5,6500;5,6900;
3/9/2013;5,6550;5,6950;
4/9/2013;5,6650;5,7050;
5/9/2013;5,6650;5,7050;
6/9/2013;5,6650;5,7050;
9/9/2013;5,6650;5,7050;
10/9/2013;5,6750;5,7150;
11/9/2013;5,6850;5,7250;
12/9/2013;5,6800;5,7200;
13/9/2013;5,6900;5,7300;
16/9/2013;5,6950;5,7350;
17/9/2013;5,7050;5,7450;
18/9/2013;5,7150;5,7550;
19/9/2013;5,7200;5,7600;
20/9/2013;5,7250;5,7650;
23/9/2013;5,7350;5,7750;
24/9/2013;5,7350;5,7750;
25/9/2013;5,7350;5,7750;
26/9/2013;5,7450;5,7850;
27/9/2013;5,7550;5,7950;
30/9/2013;5,7550;5,7950;
1/10/2013;5,7650;5,8050;
2/10/2013;5,7650;5,8050;
3/10/2013;5,7750;5,8150;
4/10/2013;5,7750;5,8150;
7/10/2013;5,7850;5,8250;
8/10/2013;5,7850;5,8250;
9/10/2013;5,7850;5,8250;
10/10/2013;5,7900;5,8300;
11/10/2013;5,7950;5,8350;
15/10/2013;5,8000;5,8400;
16/10/2013;5,8050;5,8450;
17/10/2013;5,8150;5,8550;
18/10/2013;5,8150;5,8550;
21/10/2013;5,8250;5,8650;
22/10/2013;5,8250;5,8650;
23/10/2013;5,8250;5,8650;
24/10/2013;5,8350;5,8750;
25/10/2013;5,8500;5,8900;
28/10/2013;5,8550;5,8950;
29/10/2013;5,8550;5,8950;
30/10/2013;5,8700;5,9100;
31/10/2013;5,8750;5,9150;
1/11/2013;5,8950;5,9350;
4/11/2013;5,9050;5,9450;
5/11/2013;5,9200;5,9600;
7/11/2013;5,9050;5,9450;
8/11/2013;5,9250;5,9650;
11/11/2013;5,9350;5,9750;
12/11/2013;5,9400;5,9800;
13/11/2013;5,9400;5,9800;
14/11/2013;5,9500;5,9900;
15/11/2013;5,9550;5,9950;
18/11/2013;5,9650;6,0050;
19/11/2013;6,0000;6,0400;
20/11/2013;6,0100;6,0500;
21/11/2013;6,0200;6,0600;
22/11/2013;6,0450;6,0850;
26/11/2013;6,0550;6,0950;
27/11/2013;6,0700;6,1100;
28/11/2013;6,0700;6,1100;
29/11/2013;6,1000;6,1400;
2/12/2013;6,1200;6,1600;
3/12/2013;6,1400;6,1800;
4/12/2013;6,1600;6,2000;
5/12/2013;6,1900;6,2300;
6/12/2013;6,2000;6,2400;
9/12/2013;6,2100;6,2500;
10/12/2013;6,2250;6,2650;
11/12/2013;6,2400;6,2800;
12/12/2013;6,2450;6,2850;
13/12/2013;6,2500;6,2900;
16/12/2013;6,2800;6,3200;
17/12/2013;6,2950;6,3350;
18/12/2013;6,3400;6,3800;
19/12/2013;6,3600;6,4000;
20/12/2013;6,3850;6,4250;
23/12/2013;6,4050;6,4450;
26/12/2013;6,4350;6,4750;
27/12/2013;6,4550;6,4950;
30/12/2013;6,4850;6,5250;
2/1/2014;6,5050;6,5450;
3/1/2014;6,5200;6,5600;
6/1/2014;6,5550;6,5950;
7/1/2014;6,5600;6,6000;
8/1/2014;6,5650;6,6050;
9/1/2014;6,5900;6,6300;
10/1/2014;6,6250;6,6650;
13/1/2014;6,6600;6,7000;
14/1/2014;6,6750;6,7150;
15/1/2014;6,7200;6,7600;
16/1/2014;6,7350;6,7750;
17/1/2014;6,7600;6,8000;
20/1/2014;6,7900;6,8300;
21/1/2014;6,8500;6,8900;
22/1/2014;7,1000;7,1400;
23/1/2014;7,6900;7,7900;
24/1/2014;7,8500;8,0000;
27/1/2014;7,8600;8,0100;
28/1/2014;7,8700;8,0200;
29/1/2014;7,8700;8,0200;
30/1/2014;7,8700;8,0200;
31/1/2014;7,8700;8,0200;
3/2/2014;7,8700;8,0200;
4/2/2014;7,8700;8,0200;
5/2/2014;7,8000;7,9500;
6/2/2014;7,8000;7,9000;
7/2/2014;7,7800;7,8800;
10/2/2014;7,7400;7,8400;
11/2/2014;7,7300;7,8300;
12/2/2014;7,7300;7,8300;
13/2/2014;7,7100;7,8100;
14/2/2014;7,6900;7,7900;
17/2/2014;7,6800;7,7800;
18/2/2014;7,6900;7,7900;
19/2/2014;7,7000;7,8000;
20/2/2014;7,7300;7,8300;
21/2/2014;7,7700;7,8700;
24/2/2014;7,7800;7,8800;
25/2/2014;7,7900;7,8900;
26/2/2014;7,8000;7,9000;
27/2/2014;7,8000;7,9000;
28/2/2014;7,8000;7,9000;
5/3/2014;7,8000;7,9000;
6/3/2014;7,8000;7,9000;
7/3/2014;7,7900;7,8900;
10/3/2014;7,7900;7,8900;
11/3/2014;7,7900;7,8900;
12/3/2014;7,8000;7,9000;
13/3/2014;7,8100;7,9100;
14/3/2014;7,8200;7,9200;
17/3/2014;7,8400;7,9400;
18/3/2014;7,8700;7,9700;
19/3/2014;7,8700;7,9700;
20/3/2014;7,8800;7,9800;
21/3/2014;7,8900;7,9900;
25/3/2014;7,9200;8,0200;
26/3/2014;7,9300;8,0300;
27/3/2014;7,9300;8,0300;
28/3/2014;7,9300;8,0300;
31/3/2014;7,9300;8,0300;
1/4/2014;7,9300;8,0300;
3/4/2014;7,9300;8,0300;
4/4/2014;7,9300;8,0300;
7/4/2014;7,9300;8,0300;
8/4/2014;7,9300;8,0300;
9/4/2014;7,9300;8,0300;
10/4/2014;7,9300;8,0300;
11/4/2014;7,9300;8,0300;
14/4/2014;7,9300;8,0300;
15/4/2014;7,9300;8,0300;
16/4/2014;7,9300;8,0300;
21/4/2014;7,9300;8,0300;
22/4/2014;7,9300;8,0300;
23/4/2014;7,9300;8,0300;
24/4/2014;7,9300;8,0300;
25/4/2014;7,9300;8,0300;
28/4/2014;7,9300;8,0300;
29/4/2014;7,9300;8,0300;
30/4/2014;7,9300;8,0300;
5/5/2014;7,9300;8,0300;
6/5/2014;7,9300;8,0300;
7/5/2014;7,9300;8,0300;
8/5/2014;7,9300;8,0300;
9/5/2014;7,9300;8,0300;
12/5/2014;7,9400;8,0400;
13/5/2014;7,9500;8,0500;
14/5/2014;7,9600;8,0600;
15/5/2014;7,9800;8,0800;
16/5/2014;7,9900;8,0900;
19/5/2014;7,9900;8,0900;
20/5/2014;7,9900;8,0900;
21/5/2014;7,9900;8,0900;
22/5/2014;7,9900;8,0900;
23/5/2014;7,9900;8,0900;
26/5/2014;7,9900;8,0900;
27/5/2014;8,0000;8,1000;
28/5/2014;8,0000;8,1000;
29/5/2014;8,0000;8,1000;
30/5/2014;8,0000;8,1100;
2/6/2014;8,0100;8,1100;
3/6/2014;8,0200;8,1200;
4/6/2014;8,0300;8,1300;
5/6/2014;8,0500;8,1500;
6/6/2014;8,0600;8,1600;
9/6/2014;8,0600;8,1600;
10/6/2014;8,0600;8,1600;
11/6/2014;8,0600;8,1600;
12/6/2014;8,0600;8,1600;
13/6/2014;8,0600;8,1600;
16/6/2014;8,0600;8,1600;
17/6/2014;8,0600;8,1600;
18/6/2014;8,0600;8,1600;
19/6/2014;8,0600;8,1600;
23/6/2014;8,0600;8,1600;
24/6/2014;8,0600;8,1600;
25/6/2014;8,0600;8,1600;
26/6/2014;8,0600;8,1600;
27/6/2014;8,0600;8,1600;
30/6/2014;8,0600;8,1600;
1/7/2014;8,0600;8,1600;
2/7/2014;8,0600;8,1600;
3/7/2014;8,0600;8,1600;
4/7/2014;8,0600;8,1600;
7/7/2014;8,0600;8,1600;
8/7/2014;8,0600;8,1600;
10/7/2014;8,0600;8,1600;
11/7/2014;8,0600;8,1600;
14/7/2014;8,0600;8,1600;
15/7/2014;8,0600;8,1600;
16/7/2014;8,0700;8,1700;
17/7/2014;8,0700;8,1700;
18/7/2014;8,0700;8,1700;
21/7/2014;8,0700;8,1700;
22/7/2014;8,0800;8,1800;
23/7/2014;8,0800;8,1800;
24/7/2014;8,0800;8,1800;
25/7/2014;8,0900;8,1900;
28/7/2014;8,0900;8,1900;
29/7/2014;8,1000;8,2000;
30/7/2014;8,1100;8,2100;
31/7/2014;8,1200;8,2200;
1/8/2014;8,1400;8,2400;
4/8/2014;8,1500;8,2500;
5/8/2014;8,1600;8,2600;
6/8/2014;8,1600;8,2600;
7/8/2014;8,1600;8,2600;
8/8/2014;8,1700;8,2700;
11/8/2014;8,1700;8,2700;
12/8/2014;8,1700;8,2700;
13/8/2014;8,1700;8,2700;
14/8/2014;8,1700;8,2700;
15/8/2014;8,1800;8,2800;
19/8/2014;8,1870;8,2870;
20/8/2014;8,2100;8,3100;
21/8/2014;8,2700;8,3700;
22/8/2014;8,3000;8,4000;
25/8/2014;8,3000;8,4000;
26/8/2014;8,3000;8,4000;
27/8/2014;8,3000;8,4000;
28/8/2014;8,3000;8,4000;
29/8/2014;8,3000;8,4000;
1/9/2014;8,3000;8,4000;
2/9/2014;8,3000;8,4000;
3/9/2014;8,3000;8,4000;
4/9/2014;8,3000;8,4000;
5/9/2014;8,3000;8,4000;
8/9/2014;8,3000;8,4000;
9/9/2014;8,3000;8,4000;
10/9/2014;8,3000;8,4000;
11/9/2014;8,3000;8,4000;
12/9/2014;8,3000;8,4000;
15/9/2014;8,3000;8,4000;
16/9/2014;8,3000;8,4000;
17/9/2014;8,3000;8,4000;
18/9/2014;8,3100;8,4100;
19/9/2014;8,3100;8,4100;
22/9/2014;8,3100;8,4100;
23/9/2014;8,3100;8,4100;
24/9/2014;8,3100;8,4100;
25/9/2014;8,3100;8,4100;
26/9/2014;8,3100;8,4100;
29/9/2014;8,3100;8,4100;
30/9/2014;8,3100;8,4100;
1/10/2014;8,3100;8,4100;
2/10/2014;8,3100;8,4100;
3/10/2014;8,3100;8,4100;
6/10/2014;8,3100;8,4100;
7/10/2014;8,3500;8,4500;
8/10/2014;8,3500;8,4500;
9/10/2014;8,3500;8,4500;
10/10/2014;8,3500;8,4500;
14/10/2014;8,3600;8,4600;
15/10/2014;8,3600;8,4600;
16/10/2014;8,3600;8,4600;
17/10/2014;8,3700;8,4700;
20/10/2014;8,3700;8,4700;
21/10/2014;8,3800;8,4800;
22/10/2014;8,3800;8,4800;
23/10/2014;8,3800;8,4800;
24/10/2014;8,3850;8,4850;
27/10/2014;8,3850;8,4850;
28/10/2014;8,3950;8,4950;
29/10/2014;8,3950;8,4950;
30/10/2014;8,3950;8,4950;
31/10/2014;8,3950;8,4950;
3/11/2014;8,4000;8,5000;
4/11/2014;8,4050;8,5050;
5/11/2014;8,4050;8,5050;
7/11/2014;8,4050;8,5050;
10/11/2014;8,4050;8,5050;
11/11/2014;8,4050;8,5050;
12/11/2014;8,4050;8,5050;
13/11/2014;8,4100;8,5100;
14/11/2014;8,4100;8,5100;
17/11/2014;8,4100;8,5100;
18/11/2014;8,4100;8,5100;
19/11/2014;8,4150;8,5150;
20/11/2014;8,4150;8,5150;
21/11/2014;8,4200;8,5200;
25/11/2014;8,4250;8,5250;
26/11/2014;8,4250;8,5250;
27/11/2014;8,4300;8,5300;
28/11/2014;8,4300;8,5300;
1/12/2014;8,4350;8,5350;
2/12/2014;8,4400;8,5400;
3/12/2014;8,4450;8,5450;
4/12/2014;8,4500;8,5500;
5/12/2014;8,4600;8,5600;
9/12/2014;8,4600;8,5600;
10/12/2014;8,4600;8,5600;
11/12/2014;8,4600;8,5600;
12/12/2014;8,4600;8,5600;
15/12/2014;8,4600;8,5600;
16/12/2014;8,4600;8,5600;
17/12/2014;8,4600;8,5600;
18/12/2014;8,4600;8,5600;
19/12/2014;8,4600;8,5600;
22/12/2014;8,4600;8,5600;
23/12/2014;8,4600;8,5600;
24/12/2014;8,4600;8,5600;
29/12/2014;8,4600;8,5600;
30/12/2014;8,4600;8,5600;
2/1/2015;8,4600;8,5600;
5/1/2015;8,4650;8,5650;
6/1/2015;8,4750;8,5750;
7/1/2015;8,4850;8,5850;
8/1/2015;8,4950;8,5950;
9/1/2015;8,5000;8,6000;
12/1/2015;8,4950;8,5950;
13/1/2015;8,4950;8,5950;
14/1/2015;8,4950;8,5950;
15/1/2015;8,5000;8,6000;
16/1/2015;8,5050;8,6050;
19/1/2015;8,5050;8,6050;
20/1/2015;8,5100;8,6100;
21/1/2015;8,5150;8,6150;
22/1/2015;8,5250;8,6250;
23/1/2015;8,5250;8,6250;
26/1/2015;8,5300;8,6300;
27/1/2015;8,5300;8,6300;
28/1/2015;8,5350;8,6350;
29/1/2015;8,5350;8,6350;
30/1/2015;8,5450;8,6450;
2/2/2015;8,5600;8,6600;
3/2/2015;8,5600;8,6600;
4/2/2015;8,5600;8,6600;
5/2/2015;8,5600;8,6600;
6/2/2015;8,5600;8,6600;
9/2/2015;8,5650;8,6650;
10/2/2015;8,5750;8,6750;
11/2/2015;8,5800;8,6800;
12/2/2015;8,5800;8,6800;
13/2/2015;8,5850;8,6850;
18/2/2015;8,5950;8,6950;
19/2/2015;8,6000;8,7000;
20/2/2015;8,6050;8,7050;
23/2/2015;8,6100;8,7100;
24/2/2015;8,6200;8,7200;
25/2/2015;8,6250;8,7250;
26/2/2015;8,6250;8,7250;
27/2/2015;8,6300;8,7300;
2/3/2015;8,6350;8,7350;
3/3/2015;8,6400;8,7400;
4/3/2015;8,6450;8,7450;
5/3/2015;8,6500;8,7500;
6/3/2015;8,6600;8,7600;
9/3/2015;8,6650;8,7650;
10/3/2015;8,6700;8,7700;
11/3/2015;8,6800;8,7800;
12/3/2015;8,6850;8,7850;
13/3/2015;8,6850;8,7850;
16/3/2015;8,6850;8,7850;
17/3/2015;8,6900;8,7900;
18/3/2015;8,6950;8,7950;
19/3/2015;8,6950;8,7950;
20/3/2015;8,7000;8,8000;
25/3/2015;8,7100;8,8100;
26/3/2015;8,7100;8,8100;
27/3/2015;8,7100;8,8100;
30/3/2015;8,7200;8,8200;
31/3/2015;8,7200;8,8200;
1/4/2015;8,7300;8,8300;
6/4/2015;8,7350;8,8350;
7/4/2015;8,7350;8,8350;
8/4/2015;8,7400;8,8400;
9/4/2015;8,7450;8,8450;
10/4/2015;8,7500;8,8500;
13/4/2015;8,7600;8,8600;
14/4/2015;8,7600;8,8600;
15/4/2015;8,7700;8,8700;
16/4/2015;8,7700;8,8700;
17/4/2015;8,7700;8,8700;
20/4/2015;8,7750;8,8750;
21/4/2015;8,7750;8,8750;
22/4/2015;8,7800;8,8800;
23/4/2015;8,7850;8,8850;
24/4/2015;8,7900;8,8900;
27/4/2015;8,7950;8,8950;
28/4/2015;8,8000;8,9000;
29/4/2015;8,8050;8,9050;
30/4/2015;8,8100;8,9100;
4/5/2015;8,8150;8,9150;
5/5/2015;8,8200;8,9200;
6/5/2015;8,8200;8,9200;
7/5/2015;8,8250;8,9250;
8/5/2015;8,8300;8,9300;
11/5/2015;8,8350;8,9350;
12/5/2015;8,8400;8,9400;
13/5/2015;8,8450;8,9450;
14/5/2015;8,8450;8,9450;
15/5/2015;8,8500;8,9500;
18/5/2015;8,8550;8,9550;
19/5/2015;8,8600;8,9600;
20/5/2015;8,8650;8,9650;
21/5/2015;8,8700;8,9700;
22/5/2015;8,8750;8,9750;
26/5/2015;8,8800;8,9800;
27/5/2015;8,8850;8,9850;
28/5/2015;8,8900;8,9900;
29/5/2015;8,8950;8,9950;
1/6/2015;8,9000;9,0000;
2/6/2015;8,9050;9,0050;
3/6/2015;8,9100;9,0100;
4/6/2015;8,9150;9,0150;
5/6/2015;8,9150;9,0150;
8/6/2015;8,9200;9,0200;
9/6/2015;8,9250;9,0250;
10/6/2015;8,9300;9,0300;
11/6/2015;8,9350;9,0350;
12/6/2015;8,9400;9,0400;
15/6/2015;8,9450;9,0450;
16/6/2015;8,9500;9,0500;
17/6/2015;8,9500;9,0500;
18/6/2015;8,9550;9,0550;
19/6/2015;8,9600;9,0600;
22/6/2015;8,9650;9,0650;
23/6/2015;8,9650;9,0650;
24/6/2015;8,9750;9,0750;
25/6/2015;8,9750;9,0750;
26/6/2015;8,9800;9,0800;
29/6/2015;8,9850;9,0850;
30/6/2015;8,9900;9,0900;
1/7/2015;8,9950;9,0950;
2/7/2015;9,0000;9,1000;
3/7/2015;9,0100;9,1100;
6/7/2015;9,0100;9,1100;
7/7/2015;9,0150;9,1150;
8/7/2015;9,0200;9,1200;
10/7/2015;9,0250;9,1250;
13/7/2015;9,0300;9,1300;
14/7/2015;9,0350;9,1350;
15/7/2015;9,0400;9,1400;
16/7/2015;9,0450;9,1450;
17/7/2015;9,0500;9,1500;
20/7/2015;9,0550;9,1550;
21/7/2015;9,0600;9,1600;
22/7/2015;9,0650;9,1650;
23/7/2015;9,0700;9,1700;
24/7/2015;9,0750;9,1750;
27/7/2015;9,0750;9,1750;
28/7/2015;9,0800;9,1800;
29/7/2015;9,0850;9,1850;
30/7/2015;9,0900;9,1900;
31/7/2015;9,0950;9,1950;
3/8/2015;9,1000;9,2000;
4/8/2015;9,1050;9,2050;
5/8/2015;9,1100;9,2100;
6/8/2015;9,1150;9,2150;
7/8/2015;9,1200;9,2200;
10/8/2015;9,1250;9,2250;
11/8/2015;9,1300;9,2300;
12/8/2015;9,1350;9,2350;
13/8/2015;9,1400;9,2400;
14/8/2015;9,1450;9,2450;
18/8/2015;9,1500;9,2500;
19/8/2015;9,1550;9,2550;
20/8/2015;9,1600;9,2600;
21/8/2015;9,1650;9,2650;
24/8/2015;9,1700;9,2700;
25/8/2015;9,1750;9,2750;
26/8/2015;9,1800;9,2800;
27/8/2015;9,1900;9,2900;
28/8/2015;9,1950;9,2950;
31/8/2015;9,2000;9,3000;
1/9/2015;9,2050;9,3050;
2/9/2015;9,2150;9,3150;
3/9/2015;9,2200;9,3200;
4/9/2015;9,2300;9,3300;
7/9/2015;9,2400;9,3400;
8/9/2015;9,2500;9,3500;
9/9/2015;9,2500;9,3500;
10/9/2015;9,2550;9,3550;
11/9/2015;9,2600;9,3600;
14/9/2015;9,2650;9,3650;
15/9/2015;9,2700;9,3700;
16/9/2015;9,2750;9,3750;
17/9/2015;9,2800;9,3800;
18/9/2015;9,2850;9,3850;
21/9/2015;9,2900;9,3900;
22/9/2015;9,2950;9,3950;
23/9/2015;9,3000;9,4000;
24/9/2015;9,3100;9,4100;
25/9/2015;9,3150;9,4150;
28/9/2015;9,3200;9,4200;
29/9/2015;9,3200;9,4200;
30/9/2015;9,3250;9,4250;
1/10/2015;9,3300;9,4300;
2/10/2015;9,3400;9,4400;
5/10/2015;9,3500;9,4500;
6/10/2015;9,3550;9,4550;
7/10/2015;9,3600;9,4600;
8/10/2015;9,3650;9,4650;
9/10/2015;9,3700;9,4700;
13/10/2015;9,3750;9,4750;
14/10/2015;9,3850;9,4850;
15/10/2015;9,3900;9,4900;
16/10/2015;9,3950;9,4950;
19/10/2015;9,4000;9,5000;
20/10/2015;9,4100;9,5100;
21/10/2015;9,4150;9,5150;
22/10/2015;9,4200;9,5200;
23/10/2015;9,4250;9,5250;
26/10/2015;9,4300;9,5300;
27/10/2015;9,4400;9,5400;
28/10/2015;9,4450;9,5450;
29/10/2015;9,4500;9,5500;
30/10/2015;9,4550;9,5550;
2/11/2015;9,4600;9,5600;
3/11/2015;9,4650;9,5650;
4/11/2015;9,4750;9,5750;
5/11/2015;9,4850;9,5850;
9/11/2015;9,4900;9,5900;
10/11/2015;9,5000;9,6000;
11/11/2015;9,5100;9,6100;
12/11/2015;9,5200;9,6200;
13/11/2015;9,5300;9,6300;
16/11/2015;9,5350;9,6350;
17/11/2015;9,5450;9,6450;
18/11/2015;9,5550;9,6550;
19/11/2015;9,5600;9,6600;
20/11/2015;9,5700;9,6700;
23/11/2015;9,5800;9,6800;
24/11/2015;9,5850;9,6850;
25/11/2015;9,5850;9,6850;
26/11/2015;9,5900;9,6900;
30/11/2015;9,5950;9,6950;
1/12/2015;9,6050;9,7050;
2/12/2015;9,6150;9,7150;
3/12/2015;9,6250;9,7250;
4/12/2015;9,6350;9,7350;
9/12/2015;9,6500;9,7500;
10/12/2015;9,6550;9,7550;
11/12/2015;9,6900;9,7900;
14/12/2015;9,7000;9,8000;
15/12/2015;9,7150;9,8150;
16/12/2015;9,7350;9,8350;
17/12/2015;13,7500;13,9500;
18/12/2015;13,3000;13,6000;
21/12/2015;12,8000;13,1000;
22/12/2015;12,9000;13,2000;
23/12/2015;13,0000;13,3000;
24/12/2015;13,0000;13,3000;
28/12/2015;13,0000;13,3000;
29/12/2015;12,9000;13,3000;
30/12/2015;12,9000;13,3000;
31/12/2015;12,9000;13,3000;
4/1/2016;12,9000;13,3000;
5/1/2016;13,4000;13,8000;
6/1/2016;13,6000;14,0000;
7/1/2016;13,6000;14,0000;
8/1/2016;13,6000;14,0000;
11/1/2016;13,6000;14,0000;
12/1/2016;13,4000;13,8000;
13/1/2016;13,4000;13,8000;
14/1/2016;13,1000;13,5000;
15/1/2016;13,2000;13,6000;
18/1/2016;13,2000;13,6000;
19/1/2016;13,2000;13,6000;
20/1/2016;13,2000;13,6000;
21/1/2016;13,3000;13,7000;
22/1/2016;13,4000;13,8000;
25/1/2016;13,5000;13,9000;
26/1/2016;13,5000;13,9000;
27/1/2016;13,5800;13,9800;
28/1/2016;13,5800;13,9800;
29/1/2016;13,5800;13,9800;
1/2/2016;13,8500;14,2500;
2/2/2016;13,8500;14,2500;
3/2/2016;13,8500;14,2500;
4/2/2016;13,9000;14,3000;
5/2/2016;14,0500;14,4500;
10/2/2016;14,2000;14,6000;
11/2/2016;14,3000;14,7000;
12/2/2016;14,5000;14,9000;
15/2/2016;14,5000;14,9000;
16/2/2016;14,5500;14,9500;
17/2/2016;14,6500;15,0500;
18/2/2016;14,8000;15,2000;
19/2/2016;14,8000;15,2000;
22/2/2016;14,9000;15,3000;
23/2/2016;15,2000;15,6000;
24/2/2016;15,2000;15,6000;
25/2/2016;15,2000;15,6000;
26/2/2016;15,2000;15,6000;
29/2/2016;15,5000;15,9000;
1/3/2016;15,5500;15,9500;
2/3/2016;15,5500;15,9500;
3/3/2016;15,1000;15,5000;
4/3/2016;15,1000;15,5000;
7/3/2016;15,1000;15,5000;
8/3/2016;15,2000;15,6000;
9/3/2016;15,2000;15,6000;
10/3/2016;15,2000;15,6000;
11/3/2016;14,8000;15,2000;
14/3/2016;14,6000;15,0000;
15/3/2016;14,4000;14,8000;
16/3/2016;14,3000;14,7000;
17/3/2016;14,7000;15,1000;
18/3/2016;14,5000;14,9000;
21/3/2016;14,3000;14,7000;
22/3/2016;14,1000;14,5000;
23/3/2016;14,2000;14,6000;
28/3/2016;14,5000;14,9000;
29/3/2016;14,5000;14,9000;
30/3/2016;14,4000;14,8000;
31/3/2016;14,4000;14,8000;
1/4/2016;14,5000;14,9000;
4/4/2016;14,6000;15,0000;
5/4/2016;14,5000;14,9000;
6/4/2016;14,4000;14,8000;
7/4/2016;14,3000;14,7000;
8/4/2016;14,2000;14,6000;
11/4/2016;14,2000;14,6000;
12/4/2016;14,3000;14,7000;
13/4/2016;14,2000;14,6000;
14/4/2016;14,1000;14,5000;
15/4/2016;14,0000;14,4000;
18/4/2016;14,0000;14,4000;
19/4/2016;14,0000;14,4000;
20/4/2016;14,1000;14,5000;
21/4/2016;14,1000;14,5000;
22/4/2016;14,2000;14,6000;
25/4/2016;14,1000;14,5000;
26/4/2016;14,1000;14,5000;
27/4/2016;14,0000;14,4000;
28/4/2016;14,0000;14,4000;
29/4/2016;14,1000;14,5000;
2/5/2016;14,0000;14,4000;
3/5/2016;14,0000;14,4000;
4/5/2016;14,0000;14,4000;
5/5/2016;14,0000;14,4000;
6/5/2016;14,0000;14,4000;
9/5/2016;14,0000;14,4000;
10/5/2016;14,0000;14,4000;
11/5/2016;14,0000;14,4000;
12/5/2016;14,0000;14,4000;
13/5/2016;14,0000;14,4000;
16/5/2016;14,0000;14,4000;
17/5/2016;13,9000;14,3000;
18/5/2016;13,9000;14,3000;
19/5/2016;13,9000;14,3000;
20/5/2016;13,9000;14,3000;
23/5/2016;13,8000;14,2000;
24/5/2016;13,8000;14,2000;
26/5/2016;13,8000;14,2000;
27/5/2016;13,8000;14,2000;
30/5/2016;13,8000;14,2000;
31/5/2016;13,8000;14,2000;
1/6/2016;13,8000;14,2000;
2/6/2016;13,7000;14,1000;
3/6/2016;13,7000;14,1000;
6/6/2016;13,6000;14,0000;
7/6/2016;13,6000;14,0000;
8/6/2016;13,7000;14,1000;
9/6/2016;13,7000;14,1000;
10/6/2016;13,6000;14,0000;
13/6/2016;13,6000;14,0000;
14/6/2016;13,6000;14,0000;
15/6/2016;13,6000;14,0000;
16/6/2016;13,7000;14,1000;
21/6/2016;13,7000;14,1000;
22/6/2016;13,8000;14,2000;
23/6/2016;14,2500;14,6500;
24/6/2016;14,7000;15,1000;
27/6/2016;15,1000;15,5000;
28/6/2016;14,7000;15,1000;
29/6/2016;14,7000;15,1000;
30/6/2016;14,8000;15,2000;
1/7/2016;14,8000;15,2000;
4/7/2016;14,8000;15,2000;
5/7/2016;14,6000;15,0000;
6/7/2016;14,5000;14,9000;
7/7/2016;14,5000;14,9000;
11/7/2016;14,5000;14,9000;
12/7/2016;14,4000;14,8000;
13/7/2016;14,4000;14,8000;
14/7/2016;14,5000;14,9000;
15/7/2016;14,7000;15,1000;
18/7/2016;14,9000;15,3000;
19/7/2016;14,8000;15,2000;
20/7/2016;14,8000;15,2000;
21/7/2016;14,8000;15,2000;
22/7/2016;14,7000;15,1000;
25/7/2016;14,7000;15,1000;
26/7/2016;14,7500;15,1500;
27/7/2016;14,8000;15,2000;
28/7/2016;14,8000;15,2000;
29/7/2016;14,8000;15,2000;
1/8/2016;14,8000;15,2000;
2/8/2016;14,6500;15,0500;
3/8/2016;14,6500;15,0500;
4/8/2016;14,6500;15,0500;
5/8/2016;14,6000;15,0000;
8/8/2016;14,5000;14,9000;
9/8/2016;14,6000;15,0000;
10/8/2016;14,5000;14,9000;
11/8/2016;14,5000;14,9000;
12/8/2016;14,5000;14,9000;
16/8/2016;14,5000;14,9000;
17/8/2016;14,5000;14,9000;
18/8/2016;14,7000;15,1000;
19/8/2016;14,7000;15,1000;
22/8/2016;14,6000;15,0000;
23/8/2016;14,6000;15,0000;
24/8/2016;14,6000;15,0000;
25/8/2016;14,7000;15,1000;
26/8/2016;14,8000;15,2000;
29/8/2016;14,9000;15,3000;
30/8/2016;14,8000;15,2000;
31/8/2016;14,7000;15,1000;
1/9/2016;14,7000;15,1000;
2/9/2016;14,8000;15,2000;
5/9/2016;14,8000;15,2000;
6/9/2016;14,8000;15,2000;
7/9/2016;14,8000;15,2000;
8/9/2016;14,8500;15,2500;
9/9/2016;14,8000;15,2000;
12/9/2016;14,7500;15,1500;
13/9/2016;14,8000;15,2000;
14/9/2016;14,8000;15,2000;
15/9/2016;14,8500;15,2500;
16/9/2016;14,9000;15,3000;
19/9/2016;14,9500;15,3500;
20/9/2016;14,9500;15,3500;
21/9/2016;14,9500;15,3500;
22/9/2016;14,9500;15,3500;
23/9/2016;14,9500;15,3500;
26/9/2016;15,0000;15,4000;
27/9/2016;15,0500;15,4500;
28/9/2016;15,1500;15,5500;
29/9/2016;15,2000;15,6000;
30/9/2016;15,1000;15,5000;
3/10/2016;15,0000;15,4000;
4/10/2016;15,0000;15,4000;
5/10/2016;15,0000;15,4000;
6/10/2016;15,0000;15,4000;
7/10/2016;15,0000;15,4000;
11/10/2016;15,0000;15,4000;
12/10/2016;14,9000;15,3000;
13/10/2016;14,9000;15,3000;
14/10/2016;14,9000;15,3000;
17/10/2016;15,0000;15,4000;
18/10/2016;15,0000;15,4000;
19/10/2016;15,0000;15,4000;
20/10/2016;15,0000;15,4000;
21/10/2016;15,0000;15,4000;
24/10/2016;14,9000;15,3000;
25/10/2016;15,0000;15,4000;
26/10/2016;15,0000;15,4000;
27/10/2016;15,0000;15,4000;
28/10/2016;15,0000;15,4000;
31/10/2016;15,0000;15,4000;
1/11/2016;14,9000;15,3000;
2/11/2016;14,9000;15,3000;
3/11/2016;14,9000;15,3000;
4/11/2016;14,8500;15,2500;
7/11/2016;14,8500;15,2500;
8/11/2016;14,7500;15,1500;
9/11/2016;14,7000;15,1000;
10/11/2016;14,8500;15,2500;
11/11/2016;15,1000;15,5000;
14/11/2016;15,4000;15,8000;
15/11/2016;15,3000;15,7000;
16/11/2016;15,3000;15,7000;
17/11/2016;15,3000;15,7000;
18/11/2016;15,3000;15,7000;
21/11/2016;15,2000;15,6000;
22/11/2016;15,2000;15,6000;
23/11/2016;15,3000;15,7000;
24/11/2016;15,3000;15,7000;
25/11/2016;15,3000;15,7000;
29/11/2016;15,5000;15,9000;
30/11/2016;15,7000;16,1000;
1/12/2016;15,6500;16,0500;
2/12/2016;15,7500;16,1500;
5/12/2016;15,7000;16,1000;
6/12/2016;15,7000;16,1000;
7/12/2016;15,8000;16,2000;
12/12/2016;15,8000;16,2000;
13/12/2016;15,7500;16,1500;
14/12/2016;15,7500;16,1500;
15/12/2016;15,7500;16,1500;
16/12/2016;15,7000;16,1000;
19/12/2016;15,6000;16,0000;
20/12/2016;15,6500;16,0500;
21/12/2016;15,6000;16,0000;
22/12/2016;15,5500;15,9500;
23/12/2016;15,3000;15,7000;
26/12/2016;15,3500;15,7500;
27/12/2016;15,3500;15,7500;
28/12/2016;15,5500;15,9500;
29/12/2016;15,7000;16,1000;
30/12/2016;15,7000;16,1000;
2/1/2017;15,7000;16,1000;
3/1/2017;15,7000;16,1000;
4/1/2017;15,9000;16,3000;
5/1/2017;15,8000;16,2000;
6/1/2017;15,6000;16,0000;
9/1/2017;15,6500;16,0500;
10/1/2017;15,6500;16,0500;
11/1/2017;15,6500;16,0500;
12/1/2017;15,6500;16,0500;
13/1/2017;15,6500;16,0500;
16/1/2017;15,6500;16,0500;
17/1/2017;15,7000;16,1000;
18/1/2017;15,8000;16,2000;
19/1/2017;15,7000;16,1000;
20/1/2017;15,7000;16,1000;
23/1/2017;15,7500;16,1500;
24/1/2017;15,7500;16,1500;
25/1/2017;15,7500;16,1500;
26/1/2017;15,7500;16,1500;
27/1/2017;15,7000;16,1000;
30/1/2017;15,7000;16,1000;
31/1/2017;15,7000;16,1000;
1/2/2017;15,6000;16,0000;
2/2/2017;15,5000;15,9000;
3/2/2017;15,4000;15,8000;
6/2/2017;15,6000;16,0000;
7/2/2017;15,4500;15,8500;
8/2/2017;15,4500;15,8500;
9/2/2017;15,4000;15,8000;
10/2/2017;15,3000;15,7000;
13/2/2017;15,3000;15,7000;
14/2/2017;15,3000;15,7000;
15/2/2017;15,2000;15,6000;
16/2/2017;15,2000;15,6000;
17/2/2017;15,5000;15,9000;
20/2/2017;15,5000;15,9000;
21/2/2017;15,4000;15,8000;
22/2/2017;15,3000;15,7000;
23/2/2017;15,4000;15,8000;
24/2/2017;15,3000;15,7000;
1/3/2017;15,2000;15,6000;
2/3/2017;15,2000;15,6000;
3/3/2017;15,2000;15,6000;
6/3/2017;15,2500;15,6500;
7/3/2017;15,3500;15,7500;
8/3/2017;15,4000;15,8000;
9/3/2017;15,3500;15,7500;
10/3/2017;15,3000;15,7000;
13/3/2017;15,3000;15,7000;
14/3/2017;15,3000;15,7000;
15/3/2017;15,3500;15,7500;
16/3/2017;15,3500;15,7500;
17/3/2017;15,3500;15,7500;
20/3/2017;15,4000;15,8000;
21/3/2017;15,4000;15,8000;
22/3/2017;15,4000;15,8000;
23/3/2017;15,4000;15,8000;
27/3/2017;15,4000;15,8000;
28/3/2017;15,4000;15,8000;
29/3/2017;15,2500;15,6500;
30/3/2017;15,2000;15,6000;
31/3/2017;15,2000;15,6000;
3/4/2017;15,2000;15,6000;
4/4/2017;15,1500;15,5500;
5/4/2017;15,1500;15,5500;
6/4/2017;15,1500;15,5500;
7/4/2017;15,1500;15,5500;
10/4/2017;15,0000;15,4000;
11/4/2017;15,0500;15,4500;
12/4/2017;15,0000;15,4000;
17/4/2017;15,0000;15,4000;
18/4/2017;15,1000;15,5000;
19/4/2017;15,2000;15,6000;
20/4/2017;15,2000;15,6000;
21/4/2017;15,3000;15,7000;
24/4/2017;15,2000;15,6000;
25/4/2017;15,2000;15,6000;
26/4/2017;15,3000;15,7000;
27/4/2017;15,2000;15,6000;
28/4/2017;15,2000;15,6000;
2/5/2017;15,1000;15,5000;
3/5/2017;15,1000;15,5000;
4/5/2017;15,1000;15,5000;
5/5/2017;15,1500;15,5500;
8/5/2017;15,3000;15,7000;
9/5/2017;15,3000;15,7000;
10/5/2017;15,3000;15,7000;
11/5/2017;15,2500;15,6500;
12/5/2017;15,2500;15,6500;
15/5/2017;15,3000;15,7000;
16/5/2017;15,4000;15,8000;
17/5/2017;15,4000;15,8000;
18/5/2017;15,8000;16,2000;
19/5/2017;15,8000;16,2000;
22/5/2017;15,9800;16,3800;
23/5/2017;15,9000;16,3000;
24/5/2017;15,9000;16,3000;
26/5/2017;15,8000;16,2000;
29/5/2017;15,8000;16,2000;
30/5/2017;15,9500;16,3500;
31/5/2017;15,9000;16,3000;
1/6/2017;15,8500;16,2500;
2/6/2017;15,8000;16,2000;
5/6/2017;15,8000;16,2000;
6/6/2017;15,8000;16,2000;
7/6/2017;15,8000;16,2000;
8/6/2017;15,7000;16,1000;
9/6/2017;15,7000;16,1000;
12/6/2017;15,7000;16,1000;
13/6/2017;15,7000;16,1000;
14/6/2017;15,6500;16,0500;
15/6/2017;15,7500;16,1500;
16/6/2017;15,8500;16,2500;
19/6/2017;15,9500;16,3500;
21/6/2017;16,0500;16,4500;
22/6/2017;15,9500;16,3500;
23/6/2017;15,9500;16,3500;
26/6/2017;16,1000;16,5000;
27/6/2017;16,2000;16,6000;
28/6/2017;16,2500;16,6500;
29/6/2017;16,3000;16,7000;
30/6/2017;16,4000;16,8000;
3/7/2017;16,6000;17,0000;
4/7/2017;16,7600;17,1600;
5/7/2017;16,9700;17,3700;
6/7/2017;16,9300;17,3300;
7/7/2017;16,8100;17,2100;
10/7/2017;16,7800;17,1800;
11/7/2017;16,8000;17,2000;
12/7/2017;16,7500;17,1500;
13/7/2017;16,7500;17,1500;
14/7/2017;16,6500;17,0500;
17/7/2017;16,7000;17,1000;
18/7/2017;17,0000;17,4000;
19/7/2017;16,9500;17,3500;
20/7/2017;17,0000;17,4000;
21/7/2017;17,2000;17,6000;
24/7/2017;17,2500;17,6500;
25/7/2017;17,2500;17,6500;
26/7/2017;17,3000;17,7000;
27/7/2017;17,4500;17,8500;
28/7/2017;17,5900;17,9900;
31/7/2017;17,4500;17,8500;
1/8/2017;17,3850;17,7850;
2/8/2017;17,4000;17,8000;
3/8/2017;17,4500;17,8500;
4/8/2017;17,4500;17,8500;
7/8/2017;17,5000;17,9000;
8/8/2017;17,5000;17,9000;
9/8/2017;17,5000;17,9000;
10/8/2017;17,5000;17,9000;
11/8/2017;17,5000;17,9000;
14/8/2017;16,9500;17,3500;
15/8/2017;16,8500;17,2500;
16/8/2017;17,0000;17,4000;
17/8/2017;17,1500;17,5500;
18/8/2017;17,1000;17,5000;
22/8/2017;17,0000;17,4000;
23/8/2017;17,0500;17,4500;
24/8/2017;17,0000;17,4000;
25/8/2017;17,0000;17,4000;
28/8/2017;17,0300;17,4300;
29/8/2017;17,2000;17,6000;
30/8/2017;17,2000;17,6000;
31/8/2017;17,1000;17,5000;
1/9/2017;17,0000;17,4000;
4/9/2017;17,0500;17,4500;
5/9/2017;17,0500;17,4500;
6/9/2017;17,0000;17,4000;
7/9/2017;17,0000;17,4000;
8/9/2017;17,0000;17,4000;
11/9/2017;16,9500;17,3500;
12/9/2017;16,9000;17,3000;
13/9/2017;16,8500;17,2500;
14/9/2017;16,8000;17,2000;
15/9/2017;16,8000;17,2000;
18/9/2017;16,9000;17,3000;
19/9/2017;16,9500;17,3500;
20/9/2017;17,0000;17,4000;
21/9/2017;17,1000;17,5000;
22/9/2017;17,1000;17,5000;
25/9/2017;17,3000;17,7000;
26/9/2017;17,4000;17,8000;
27/9/2017;17,4000;17,8000;
28/9/2017;17,3000;17,7000;
29/9/2017;17,1000;17,5000;
2/10/2017;17,2000;17,6000;
3/10/2017;17,2000;17,6000;
4/10/2017;17,1500;17,5500;
5/10/2017;17,2000;17,6000;
6/10/2017;17,2500;17,6500;
9/10/2017;17,3000;17,7000;
10/10/2017;17,2500;17,6500;
11/10/2017;17,2500;17,6500;
12/10/2017;17,2500;17,6500;
13/10/2017;17,1500;17,5500;
17/10/2017;17,1500;17,5500;
18/10/2017;17,1500;17,5500;
19/10/2017;17,2500;17,6500;
20/10/2017;17,2500;17,6500;
23/10/2017;17,2000;17,6000;
24/10/2017;17,3000;17,7000;
25/10/2017;17,3000;17,7000;
26/10/2017;17,4500;17,8500;
27/10/2017;17,4500;17,8500;
30/10/2017;17,5000;17,9000;
31/10/2017;17,4500;17,8500;
1/11/2017;17,4000;17,8000;
2/11/2017;17,3500;17,7500;
3/11/2017;17,4500;17,8500;
7/11/2017;17,4500;17,8500;
8/11/2017;17,3500;17,7500;
9/11/2017;17,3500;17,7500;
10/11/2017;17,3000;17,7000;
13/11/2017;17,3000;17,7000;
14/11/2017;17,3000;17,7000;
15/11/2017;17,3000;17,7000;
16/11/2017;17,3000;17,7000;
17/11/2017;17,3000;17,7000;
21/11/2017;17,3000;17,7000;
22/11/2017;17,2500;17,6500;
23/11/2017;17,2500;17,6500;
24/11/2017;17,1500;17,5500;
27/11/2017;17,1000;17,5000;
28/11/2017;17,1500;17,5500;
29/11/2017;17,2000;17,6000;
30/11/2017;17,1000;17,5000;
1/12/2017;17,0500;17,4500;
4/12/2017;17,1500;17,5500;
5/12/2017;17,1000;17,5000;
6/12/2017;17,0500;17,4500;
7/12/2017;17,1000;17,5000;
11/12/2017;17,0500;17,4500;
12/12/2017;17,1500;17,5500;
13/12/2017;17,1500;17,5500;
14/12/2017;17,2500;17,6500;
15/12/2017;17,3000;17,7000;
18/12/2017;17,3500;17,7500;
19/12/2017;17,5000;17,9000;
20/12/2017;17,5500;17,9500;
21/12/2017;17,7000;18,1000;
22/12/2017;17,8000;18,3000;
26/12/2017;18,0500;18,5500;
27/12/2017;18,2000;18,7000;
28/12/2017;18,9500;19,4500;
29/12/2017;18,4000;18,9000;
2/1/2018;18,1500;18,6500;
3/1/2018;18,2000;18,7000;
4/1/2018;18,4000;18,9000;
5/1/2018;18,6000;19,1000;
8/1/2018;18,8000;19,3000;
9/1/2018;18,7000;19,2000;
10/1/2018;18,3500;18,8500;
11/1/2018;18,4500;18,9500;
12/1/2018;18,4500;18,9500;
15/1/2018;18,5000;19,0000;
16/1/2018;18,6500;19,1500;
17/1/2018;18,6000;19,1000;
18/1/2018;18,6000;19,1000;
19/1/2018;18,7500;19,2500;
22/1/2018;18,8500;19,3500;
23/1/2018;19,1000;19,6000;
24/1/2018;19,4000;19,9000;
25/1/2018;19,3000;19,8000;
26/1/2018;19,3000;19,8000;
29/1/2018;19,3000;19,8000;
30/1/2018;19,3500;19,8500;
31/1/2018;19,4000;19,9000;
1/2/2018;19,1500;19,6500;
2/2/2018;19,2500;19,7500;
5/2/2018;19,2500;19,7500;
6/2/2018;19,3500;19,8500;
7/2/2018;19,4000;19,9000;
8/2/2018;19,7000;20,2000;
9/2/2018;19,7500;20,2500;
14/2/2018;19,6500;20,1500;
15/2/2018;19,4500;19,9500;
16/2/2018;19,5000;20,0000;
19/2/2018;19,6500;20,1500;
20/2/2018;19,6000;20,1000;
21/2/2018;19,6500;20,1500;
22/2/2018;19,7000;20,2000;
23/2/2018;19,7000;20,2000;
26/2/2018;19,9500;20,4500;
27/2/2018;19,9500;20,4500;
28/2/2018;19,8500;20,3500;
1/3/2018;19,9000;20,4000;
2/3/2018;20,0000;20,5000;
5/3/2018;19,9500;20,4500;
6/3/2018;20,1000;20,6000;
7/3/2018;20,1500;20,6500;
8/3/2018;20,1500;20,6500;
9/3/2018;20,0000;20,5000;
12/3/2018;19,9500;20,4500;
13/3/2018;19,9500;20,4500;
14/3/2018;19,9500;20,4500;
15/3/2018;20,1000;20,6000;
16/3/2018;19,9500;20,4500;
19/3/2018;19,9500;20,4500;
20/3/2018;20,0000;20,5000;
21/3/2018;20,0500;20,5500;
22/3/2018;20,0000;20,5000;
23/3/2018;19,9500;20,4500;
26/3/2018;19,9500;20,4500;
27/3/2018;19,9500;20,4500;
28/3/2018;19,9000;20,4000;
3/4/2018;19,9000;20,4000;
4/4/2018;19,9500;20,4500;
5/4/2018;19,9500;20,4500;
6/4/2018;19,9500;20,4500;
9/4/2018;19,9500;20,4500;
10/4/2018;19,9500;20,4500;
11/4/2018;19,9000;20,4000;
12/4/2018;19,9500;20,4500;
13/4/2018;19,9500;20,4500;
16/4/2018;19,9500;20,4500;
17/4/2018;19,9500;20,4500;
18/4/2018;19,9500;20,4500;
19/4/2018;19,9000;20,4000;
20/4/2018;19,9500;20,4500;
23/4/2018;20,0000;20,5000;
24/4/2018;20,0000;20,5000;
25/4/2018;20,0000;20,5000;
26/4/2018;20,3000;20,8000;
27/4/2018;20,3000;20,8000;
2/5/2018;20,9500;21,4500;
3/5/2018;22,7000;23,3000;
4/5/2018;21,4000;22,2000;
7/5/2018;21,5000;22,3000;
8/5/2018;22,0000;22,8000;
9/5/2018;22,3000;23,1000;
10/5/2018;22,3000;23,1000;
11/5/2018;22,7000;23,7000;
14/5/2018;24,3000;25,3000;
15/5/2018;23,5000;24,5000;
16/5/2018;23,8000;24,8000;
17/5/2018;23,8000;24,8000;
18/5/2018;23,9000;24,9000;
21/5/2018;23,9000;24,9000;
22/5/2018;23,8000;24,8000;
23/5/2018;23,9000;24,9000;
24/5/2018;24,1000;25,1000;
28/5/2018;24,2000;25,2000;
29/5/2018;24,4000;25,4000;
30/5/2018;24,4000;25,4000;
31/5/2018;24,4000;25,4000;
1/6/2018;24,4000;25,4000;
4/6/2018;24,4000;25,4000;
5/6/2018;24,4000;25,4000;
6/6/2018;24,4000;25,4000;
7/6/2018;24,4000;25,4000;
8/6/2018;24,8000;25,8000;
11/6/2018;25,5000;26,5000;
12/6/2018;25,3000;26,3000;
13/6/2018;25,5000;26,5000;
14/6/2018;27,2000;28,2000;
15/6/2018;27,8000;28,8000;
18/6/2018;27,1000;28,1000;
19/6/2018;27,2000;28,2000;
21/6/2018;27,0000;28,0000;
22/6/2018;26,5000;27,5000;
25/6/2018;26,5000;27,5000;
26/6/2018;26,6000;27,6000;
27/6/2018;26,9000;27,9000;
28/6/2018;27,6000;28,6000;
29/6/2018;28,4000;29,4000;
2/7/2018;27,8000;28,8000;
3/7/2018;27,3000;28,3000;
4/7/2018;27,6000;28,6000;
5/7/2018;27,5000;28,5000;
6/7/2018;27,4000;28,4000;
10/7/2018;26,8000;27,8000;
11/7/2018;26,9000;27,9000;
12/7/2018;26,7000;27,7000;
13/7/2018;26,7000;27,7000;
16/7/2018;26,8000;27,8000;
17/7/2018;27,0000;28,0000;
18/7/2018;27,1000;28,1000;
19/7/2018;27,2000;28,2000;
20/7/2018;27,1000;28,1000;
23/7/2018;27,1000;28,1000;
24/7/2018;27,0000;28,0000;
25/7/2018;26,9000;27,9000;
26/7/2018;26,9000;27,9000;
27/7/2018;26,9000;27,9000;
30/7/2018;26,8000;27,8000;
31/7/2018;26,9000;27,9000;
1/8/2018;27,0000;28,0000;
2/8/2018;27,0000;28,0000;
3/8/2018;26,8000;27,8000;
6/8/2018;26,9000;27,9000;
7/8/2018;26,9000;27,9000;
8/8/2018;27,1000;28,1000;
9/8/2018;27,6000;28,6000;
10/8/2018;28,7000;29,7000;
13/8/2018;29,5000;30,5000;
14/8/2018;29,1000;30,1000;
15/8/2018;29,5000;30,5000;
16/8/2018;29,3000;30,3000;
17/8/2018;29,3000;30,3000;
21/8/2018;29,5000;30,5000;
22/8/2018;29,7000;30,7000;
23/8/2018;30,0000;31,0000;
24/8/2018;30,4000;31,4000;
27/8/2018;30,4000;31,4000;
28/8/2018;30,9000;31,9000;
29/8/2018;33,5000;34,5000;
30/8/2018;37,0000;38,2000;
31/8/2018;36,2000;37,4000;
3/9/2018;36,8000;38,0000;
4/9/2018;38,3000;39,5000;
5/9/2018;37,8000;39,0000;
6/9/2018;36,8000;38,0000;
7/9/2018;36,4000;37,6000;
10/9/2018;36,8000;38,0000;
11/9/2018;37,3000;38,5000;
12/9/2018;37,6000;38,8000;
13/9/2018;38,9000;40,1000;
14/9/2018;39,2000;40,4000;
17/9/2018;39,0000;40,2000;
18/9/2018;39,1000;40,3000;
19/9/2018;38,6000;39,8000;
20/9/2018;37,6000;38,8000;
21/9/2018;36,6000;37,8000;
24/9/2018;36,7000;37,9000;
25/9/2018;37,5000;38,7000;
26/9/2018;38,0000;39,2000;
27/9/2018;38,8000;40,6000;
28/9/2018;40,3000;42,1000;
1/10/2018;38,7000;40,5000;
2/10/2018;37,2000;39,0000;
3/10/2018;36,8000;38,6000;
4/10/2018;37,4000;39,2000;
5/10/2018;36,9000;38,7000;
8/10/2018;36,6000;38,4000;
9/10/2018;36,2000;38,0000;
10/10/2018;36,3000;38,1000;
11/10/2018;35,7000;37,5000;
12/10/2018;35,8000;37,6000;
16/10/2018;35,1000;36,9000;
17/10/2018;35,3000;37,1000;
18/10/2018;35,7000;37,5000;
19/10/2018;35,7000;37,5000;
22/10/2018;35,5000;37,3000;
23/10/2018;35,7000;37,5000;
24/10/2018;36,1000;37,9000;
25/10/2018;35,9000;37,7000;
26/10/2018;36,0000;37,8000;
29/10/2018;36,0000;37,8000;
30/10/2018;35,8000;37,6000;
31/10/2018;35,0000;36,8000;
1/11/2018;34,8000;36,6000;
2/11/2018;34,6000;36,4000;
5/11/2018;34,6000;36,4000;
7/11/2018;34,8000;36,6000;
8/11/2018;34,6000;36,4000;
9/11/2018;34,5000;36,3000;
12/11/2018;34,7000;36,5000;
13/11/2018;35,1000;36,9000;
14/11/2018;35,1000;36,9000;
15/11/2018;35,1000;36,9000;
16/11/2018;35,1000;36,9000;
20/11/2018;35,3000;37,1000;
21/11/2018;35,3000;37,1000;
22/11/2018;35,6000;37,4000;
23/11/2018;36,7000;38,5000;
26/11/2018;38,1000;39,9000;
27/11/2018;37,7000;39,5000;
28/11/2018;37,6000;39,4000;
29/11/2018;36,8000;38,6000;
3/12/2018;35,6000;37,4000;
4/12/2018;36,5000;38,3000;
5/12/2018;36,6000;38,4000;
6/12/2018;36,8000;38,6000;
7/12/2018;36,5000;38,3000;
10/12/2018;36,8000;38,6000;
11/12/2018;36,9000;38,7000;
12/12/2018;36,7000;38,5000;
13/12/2018;36,9000;38,7000;
14/12/2018;37,2000;39,0000;
17/12/2018;37,3000;39,1000;
18/12/2018;37,3000;39,1000;
19/12/2018;37,4000;39,2000;
20/12/2018;37,2000;39,0000;
21/12/2018;37,1000;38,9000;
26/12/2018;37,7000;39,5000;
27/12/2018;37,5000;39,3000;
28/12/2018;36,8000;38,6000;
2/1/2019;36,8000;38,6000;
3/1/2019;36,6000;38,4000;
4/1/2019;36,5000;38,3000;
7/1/2019;36,5000;38,3000;
8/1/2019;36,7000;38,5000;
9/1/2019;36,5000;38,3000;
10/1/2019;36,2000;38,0000;
11/1/2019;36,0000;37,8000;
14/1/2019;36,1000;37,9000;
15/1/2019;36,2000;38,0000;
16/1/2019;36,6000;38,4000;
17/1/2019;36,8000;38,6000;
18/1/2019;36,7000;38,5000;
21/1/2019;36,8000;38,6000;
22/1/2019;36,6000;38,4000;
23/1/2019;36,6000;38,4000;
24/1/2019;36,5000;38,3000;
25/1/2019;36,2000;38,0000;
28/1/2019;36,2000;38,0000;
29/1/2019;36,8000;38,6000;
30/1/2019;36,6000;38,4000;
31/1/2019;36,4000;38,2000;
1/2/2019;36,3000;38,1000;
4/2/2019;36,3000;38,1000;
5/2/2019;36,3000;38,1000;
6/2/2019;36,6000;38,4000;
7/2/2019;36,9000;38,7000;
8/2/2019;36,9000;38,7000;
11/2/2019;37,0000;38,8000;
12/2/2019;37,1000;38,9000;
13/2/2019;37,3000;39,1000;
14/2/2019;37,3000;39,1000;
15/2/2019;37,7000;39,5000;
18/2/2019;37,9000;39,7000;
19/2/2019;38,4000;40,2000;
20/2/2019;38,8000;40,6000;
21/2/2019;38,6000;40,4000;
22/2/2019;38,3000;40,1000;
25/2/2019;38,1000;39,9000;
26/2/2019;38,0000;39,8000;
27/2/2019;37,9000;39,7000;
28/2/2019;38,3000;40,1000;
1/3/2019;38,9000;40,7000;
6/3/2019;39,8000;41,6000;
7/3/2019;41,5000;43,5000;
8/3/2019;40,2000;42,2000;
11/3/2019;40,3000;42,3000;
12/3/2019;40,5000;42,5000;
13/3/2019;40,2000;42,2000;
14/3/2019;39,8000;41,8000;
15/3/2019;39,0000;41,0000;
18/3/2019;39,0000;41,0000;
19/3/2019;39,5000;41,5000;
20/3/2019;39,8000;41,8000;
21/3/2019;40,0000;42,0000;
22/3/2019;40,8000;42,8000;
25/3/2019;41,0000;43,0000;
26/3/2019;41,6000;43,6000;
27/3/2019;42,9000;44,9000;
28/3/2019;42,6000;44,6000;
29/3/2019;42,3000;44,3000;
1/4/2019;41,7000;43,7000;
3/4/2019;41,9000;43,9000;
4/4/2019;42,4000;44,4000;
5/4/2019;42,9000;44,9000;
8/4/2019;42,7000;44,7000;
9/4/2019;42,4000;44,4000;
10/4/2019;42,0000;44,0000;
11/4/2019;41,8000;43,8000;
12/4/2019;41,2000;43,2000;
15/4/2019;40,6000;42,6000;
16/4/2019;41,4000;43,4000;
17/4/2019;40,9000;42,9000;
22/4/2019;41,5000;43,5000;
23/4/2019;41,4000;43,4000;
24/4/2019;42,9000;44,9000;
25/4/2019;43,9000;45,9000;
26/4/2019;45,0000;47,0000;
29/4/2019;43,3000;45,3000;
30/4/2019;43,2000;45,2000;
2/5/2019;43,8000;45,8000;
3/5/2019;43,4000;45,4000;
6/5/2019;43,7000;45,7000;
7/5/2019;44,3000;46,3000;
8/5/2019;44,1000;46,1000;
9/5/2019;44,3000;46,3000;
10/5/2019;43,8000;45,8000;
13/5/2019;44,1000;46,1000;
14/5/2019;44,0000;46,0000;
15/5/2019;44,0000;46,0000;
16/5/2019;43,8000;45,8000;
17/5/2019;44,0000;46,0000;
20/5/2019;44,2000;46,2000;
21/5/2019;43,8000;45,8000;
22/5/2019;43,9000;45,9000;
23/5/2019;44,1000;46,1000;
24/5/2019;43,8000;45,8000;
27/5/2019;43,9000;45,9000;
28/5/2019;43,7000;45,7000;
29/5/2019;43,4000;45,4000;
30/5/2019;43,5000;45,5000;
31/5/2019;43,8000;45,8000;
3/6/2019;43,9000;45,9000;
4/6/2019;43,7000;45,7000;
5/6/2019;43,9000;45,9000;
6/6/2019;43,9000;45,9000;
7/6/2019;43,9000;45,9000;
10/6/2019;43,9000;45,9000;
11/6/2019;43,7000;45,7000;
12/6/2019;42,7000;44,7000;
13/6/2019;42,4000;44,4000;
14/6/2019;43,0000;45,0000;
18/6/2019;42,5000;44,5000;
19/6/2019;42,3000;44,3000;
21/6/2019;41,8000;43,8000;
24/6/2019;41,5000;43,5000;
25/6/2019;41,4000;43,4000;
26/6/2019;41,7000;43,7000;
27/6/2019;41,7000;43,7000;
28/6/2019;41,5000;43,5000;
1/7/2019;41,4000;43,4000;
2/7/2019;41,2000;43,2000;
3/7/2019;41,0000;43,0000;
4/7/2019;40,8000;42,8000;
5/7/2019;40,8000;42,8000;
10/7/2019;40,8000;42,8000;
11/7/2019;40,7000;42,7000;
12/7/2019;40,6000;42,6000;
15/7/2019;41,4000;43,4000;
16/7/2019;41,6000;43,6000;
17/7/2019;41,5000;43,5000;
18/7/2019;41,5000;43,5000;
19/7/2019;41,4000;43,4000;
22/7/2019;41,4000;43,4000;
23/7/2019;41,6000;43,6000;
24/7/2019;41,9000;43,9000;
25/7/2019;42,4000;44,4000;
26/7/2019;42,4000;44,4000;
29/7/2019;42,8000;44,8000;
30/7/2019;42,9000;44,9000;
31/7/2019;42,9000;44,9000;
1/8/2019;43,4000;45,4000;
2/8/2019;43,6000;45,6000;
5/8/2019;44,5000;46,5000;
6/8/2019;44,3000;46,3000;
7/8/2019;44,6000;46,6000;
8/8/2019;44,2000;46,2000;
9/8/2019;44,2000;46,2000;
12/8/2019;51,0000;55,0000;
13/8/2019;53,0000;58,0000;
14/8/2019;57,0000;63,0000;
15/8/2019;54,0000;59,0000;
16/8/2019;52,0000;57,0000;
20/8/2019;52,0000;57,0000;
21/8/2019;52,0000;57,0000;
22/8/2019;53,0000;57,0000;
23/8/2019;53,0000;57,0000;
26/8/2019;53,0000;57,0000;
27/8/2019;54,0000;58,0000;
28/8/2019;56,0000;60,0000;
29/8/2019;56,0000;60,0000;
30/8/2019;57,0000;61,0000;
2/9/2019;53,0000;57,0000;
3/9/2019;53,0000;57,0000;
4/9/2019;53,0000;57,0000;
5/9/2019;54,0000;57,0000;
6/9/2019;54,0000;57,0000;
9/9/2019;54,0000;57,0000;
10/9/2019;54,0000;57,0000;
11/9/2019;54,0000;57,0000;
12/9/2019;54,2500;57,2500;
13/9/2019;54,2500;57,5000;
16/9/2019;54,5000;58,0000;
17/9/2019;55,0000;58,5000;
18/9/2019;55,0000;58,5000;
19/9/2019;55,0000;58,5000;
20/9/2019;55,0000;58,5000;
23/9/2019;55,0000;58,5000;
24/9/2019;55,0000;58,5000;
25/9/2019;55,0000;58,5000;
26/9/2019;55,5000;59,0000;
27/9/2019;55,5000;59,0000;
30/9/2019;55,5000;59,0000;
1/10/2019;56,0000;59,5000;
2/10/2019;56,0000;59,5000;
3/10/2019;56,0000;59,5000;
4/10/2019;55,9000;59,4000;
7/10/2019;55,9000;59,4000;
8/10/2019;55,9000;59,4000;
9/10/2019;56,0000;59,5000;
10/10/2019;56,0000;59,5000;
11/10/2019;56,0000;59,5000;
15/10/2019;56,0000;59,5000;
16/10/2019;56,0000;59,5000;
17/10/2019;56,0000;59,5000;
18/10/2019;56,5000;60,0000;
21/10/2019;57,0000;60,5000;
22/10/2019;57,2500;60,7500;
23/10/2019;58,0000;61,5000;
24/10/2019;59,0000;62,5000;
25/10/2019;60,0000;65,0000;
28/10/2019;58,5000;63,5000;
29/10/2019;58,5000;63,5000;
30/10/2019;58,5000;63,5000;
31/10/2019;58,5000;63,5000;
1/11/2019;58,5000;63,5000;
4/11/2019;58,5000;63,5000;
5/11/2019;59,0000;63,5000;
7/11/2019;58,0000;63,0000;
8/11/2019;58,0000;63,0000;
11/11/2019;58,0000;63,0000;
12/11/2019;57,7500;62,7500;
13/11/2019;57,7500;62,7500;
14/11/2019;57,7500;62,7500;
15/11/2019;57,5000;62,5000;
19/11/2019;57,5000;62,5000;
20/11/2019;57,5000;62,5000;
21/11/2019;57,5000;62,5000;
22/11/2019;57,5000;62,5000;
25/11/2019;57,5000;62,5000;
26/11/2019;57,7500;62,2500;
27/11/2019;57,7500;62,2500;
28/11/2019;57,7500;62,2500;
29/11/2019;57,7500;62,2500;
2/12/2019;57,7500;62,2500;
3/12/2019;57,7500;62,2500;
4/12/2019;57,7500;62,2500;
5/12/2019;57,7500;62,2500;
6/12/2019;57,7500;62,2500;
9/12/2019;58,0000;62,5000;
10/12/2019;58,0000;62,7500;
11/12/2019;58,0000;63,0000;
12/12/2019;58,0000;63,0000;
13/12/2019;58,0000;63,0000;
16/12/2019;58,0000;63,0000;
17/12/2019;58,0000;63,0000;
20/12/2019;58,0000;63,0000;
23/12/2019;58,0000;63,0000;
26/12/2019;58,0000;63,0000;
27/12/2019;58,0000;63,0000;
30/12/2019;58,0000;63,0000;
2/1/2020;58,0000;63,0000;
3/1/2020;58,0000;63,0000;
6/1/2020;58,0000;63,0000;
7/1/2020;58,0000;63,0000;
8/1/2020;58,0000;63,0000;
9/1/2020;58,0000;63,0000;
10/1/2020;58,0000;63,0000;
13/1/2020;58,0000;63,0000;
14/1/2020;58,0000;63,0000;
15/1/2020;58,0000;63,0000;
16/1/2020;58,0000;63,0000;
17/1/2020;58,0000;63,0000;
20/1/2020;58,0000;63,0000;
21/1/2020;58,0000;63,0000;
22/1/2020;58,0000;63,0000;
23/1/2020;58,0000;63,0000;
24/1/2020;58,0000;63,0000;
27/1/2020;58,0000;63,0000;
28/1/2020;58,0000;63,0000;
29/1/2020;58,0000;63,0000;
30/1/2020;58,0000;63,0000;
31/1/2020;58,0000;63,0000;
3/2/2020;58,0000;63,0000;
4/2/2020;58,0000;63,0000;
5/2/2020;58,0000;63,0000;
6/2/2020;58,0000;63,0000;
7/2/2020;58,0000;63,0000;
10/2/2020;58,0000;63,0000;
11/2/2020;58,2500;63,2500;
12/2/2020;58,2500;63,2500;
13/2/2020;58,2500;63,2500;
14/2/2020;58,2500;63,2500;
17/2/2020;58,2500;63,2500;
18/2/2020;58,2500;63,2500;
19/2/2020;58,5000;63,5000;
20/2/2020;58,5000;63,5000;
21/2/2020;58,5000;63,5000;
26/2/2020;58,7500;63,7500;
27/2/2020;58,7500;63,7500;
28/2/2020;59,0000;64,0000;
2/3/2020;59,0000;64,0000;
3/3/2020;59,0000;64,0000;
4/3/2020;59,0000;64,0000;
5/3/2020;59,0000;64,0000;
6/3/2020;59,0000;64,0000;
9/3/2020;59,0000;64,0000;
10/3/2020;59,0000;64,0000;
11/3/2020;59,0000;64,0000;
12/3/2020;59,5000;64,5000;
13/3/2020;59,5000;64,5000;
16/3/2020;59,5000;64,5000;
17/3/2020;59,5000;64,5000;
18/3/2020;60,0000;65,0000;
19/3/2020;60,0000;65,0000;
20/3/2020;60,0000;65,0000;
25/3/2020;60,2500;65,2500;
26/3/2020;60,2500;65,2500;
27/3/2020;60,5000;65,5000;
30/3/2020;60,7500;65,7500;
1/4/2020;61,0000;66,0000;
2/4/2020;61,0000;66,0000;
3/4/2020;61,0000;66,0000;
6/4/2020;61,2500;66,2500;
7/4/2020;61,5000;66,5000;
8/4/2020;61,5000;66,5000;
13/4/2020;61,7500;66,7500;
14/4/2020;61,7500;66,7500;
15/4/2020;61,7500;66,7500;
16/4/2020;62,2500;67,2500;
17/4/2020;62,2500;67,2500;
20/4/2020;62,5000;67,5000;
21/4/2020;62,7500;67,7500;
22/4/2020;62,7500;67,7500;
23/4/2020;62,7500;67,7500;
24/4/2020;63,2500;68,2500;
27/4/2020;63,2500;68,2500;
28/4/2020;63,5000;68,5000;
29/4/2020;63,5000;68,5000;
30/4/2020;63,7500;68,7500;
4/5/2020;63,7500;68,7500;
5/5/2020;63,7500;68,7500;
6/5/2020;64,2500;69,2500;
7/5/2020;64,2500;69,2500;
8/5/2020;64,2500;69,2500;
11/5/2020;64,2500;69,2500;
12/5/2020;64,2500;69,2500;
13/5/2020;64,7500;69,7500;
14/5/2020;64,7500;69,7500;
15/5/2020;64,7500;69,7500;
18/5/2020;65,0000;70,0000;
19/5/2020;65,0000;70,0000;
20/5/2020;65,0000;70,0000;
21/5/2020;65,0000;70,0000;
22/5/2020;65,2500;70,2500;
26/5/2020;65,2500;70,2500;
27/5/2020;65,2500;70,2500;
28/5/2020;65,2500;70,2500;
29/5/2020;65,5000;70,5000;
1/6/2020;65,5000;70,5000;
2/6/2020;65,5000;70,5000;
3/6/2020;65,5000;70,5000;
4/6/2020;65,7500;70,7500;
5/6/2020;65,7500;70,7500;
8/6/2020;65,7500;70,7500;
9/6/2020;66,5000;71,5000;
10/6/2020;66,5000;71,5000;
11/6/2020;66,5000;71,5000;
12/6/2020;67,0000;72,0000;
16/6/2020;67,2500;72,2500;
17/6/2020;67,2500;72,2500;
18/6/2020;67,5000;72,5000;
19/6/2020;67,5000;72,5000;
22/6/2020;67,5000;72,5000;
23/6/2020;68,0000;73,0000;
24/6/2020;68,0000;73,0000;
25/6/2020;68,0000;73,0000;
26/6/2020;68,0000;73,0000;
29/6/2020;68,5000;73,5000;
30/6/2020;68,5000;73,5000;
1/7/2020;68,5000;73,5000;
2/7/2020;68,7500;73,7500;
3/7/2020;69,0000;74,0000;
6/7/2020;69,0000;74,0000;
7/7/2020;69,0000;74,0000;
8/7/2020;69,5000;74,5000;
13/7/2020;69,5000;74,5000;
14/7/2020;70,0000;75,0000;
15/7/2020;70,0000;75,0000;
16/7/2020;70,0000;75,0000;
17/7/2020;70,2500;75,2500;
20/7/2020;70,5000;75,5000;
21/7/2020;70,5000;75,5000;
22/7/2020;70,5000;75,5000;
23/7/2020;70,5000;75,5000;
24/7/2020;70,7500;75,7500;
27/7/2020;70,7500;75,7500;
28/7/2020;71,0000;76,0000;
29/7/2020;71,0000;76,0000;
30/7/2020;71,0000;76,0000;
31/7/2020;71,2500;76,2500;
3/8/2020;71,5000;76,5000;
4/8/2020;71,5000;76,5000;
5/8/2020;71,7500;76,7500;
6/8/2020;71,7500;76,7500;
7/8/2020;71,7500;76,7500;
10/8/2020;72,0000;77,0000;
11/8/2020;72,0000;77,0000;
12/8/2020;72,0000;77,0000;
13/8/2020;72,2500;77,2500;
14/8/2020;72,2500;77,2500;
18/8/2020;72,5000;77,5000;
19/8/2020;72,5000;77,5000;
20/8/2020;72,5000;77,5000;
21/8/2020;72,5000;77,5000;
24/8/2020;72,7500;77,7500;
25/8/2020;72,7500;77,7500;
26/8/2020;72,7500;77,7500;
27/8/2020;72,7500;77,7500;
28/8/2020;73,0000;78,0000;
31/8/2020;73,0000;78,0000;
1/9/2020;73,2500;78,2500;
2/9/2020;73,2500;78,2500;
3/9/2020;73,2500;78,2500;
4/9/2020;73,5000;78,5000;
7/9/2020;73,5000;78,5000;
8/9/2020;73,7500;78,7500;
9/9/2020;73,7500;78,7500;
10/9/2020;74,0000;79,0000;
11/9/2020;74,0000;79,0000;
14/9/2020;74,0000;79,0000;
15/9/2020;74,2500;79,2500;
16/9/2020;74,2500;79,2500;
17/9/2020;74,2500;79,2500;
18/9/2020;74,2500;79,2500;
21/9/2020;74,5000;79,5000;
22/9/2020;74,5000;79,5000;
23/9/2020;74,5000;79,5000;
24/9/2020;74,7500;79,7500;
25/9/2020;74,7500;79,7500;
28/9/2020;74,7500;79,7500;
29/9/2020;75,0000;80,0000;
30/9/2020;75,0000;80,0000;
1/10/2020;75,2500;80,2500;
2/10/2020;76,5000;81,5000;
5/10/2020;76,7500;81,7500;
6/10/2020;77,0000;82,0000;
7/10/2020;76,0000;82,0000;
8/10/2020;76,0000;82,0000;
9/10/2020;76,0000;82,0000;
13/10/2020;76,2500;82,2500;
14/10/2020;76,2500;82,2500;
15/10/2020;76,5000;82,5000;
16/10/2020;76,5000;82,5000;
19/10/2020;76,5000;82,5000;
20/10/2020;76,7500;82,7500;
21/10/2020;77,0000;83,0000;
22/10/2020;77,2500;83,2500;
23/10/2020;77,5000;83,5000;
26/10/2020;77,5000;83,5000;
27/10/2020;77,5000;83,5000;
28/10/2020;77,5000;83,5000;
29/10/2020;77,5000;83,5000;
30/10/2020;77,5000;83,5000;
2/11/2020;77,7500;83,7500;
3/11/2020;78,0000;84,0000;
4/11/2020;78,2500;84,2500;
5/11/2020;78,2500;84,2500;
9/11/2020;78,5000;84,5000;
10/11/2020;78,7500;84,7500;
11/11/2020;78,7500;84,7500;
12/11/2020;79,0000;85,0000;
13/11/2020;79,0000;85,0000;
16/11/2020;79,2500;85,2500;
17/11/2020;79,2500;85,2500;
18/11/2020;79,2500;85,2500;
19/11/2020;79,5000;85,5000;
20/11/2020;79,5000;85,5000;
24/11/2020;79,7500;85,7500;
25/11/2020;79,7500;85,7500;
26/11/2020;80,0000;86,0000;
27/11/2020;80,2500;86,2500;
30/11/2020;80,5000;86,5000;
1/12/2020;80,5000;86,5000;
2/12/2020;80,5000;86,5000;
3/12/2020;80,7500;86,7500;
4/12/2020;80,7500;86,7500;
9/12/2020;81,2500;87,2500;
10/12/2020;81,5000;87,5000;
11/12/2020;81,5000;87,5000;
14/12/2020;81,5000;87,5000;
15/12/2020;81,7500;87,7500;
16/12/2020;81,7500;87,7500;
17/12/2020;81,7500;87,7500;
18/12/2020;82,0000;88,0000;
21/12/2020;82,2500;88,2500;
22/12/2020;82,2500;88,2500;
23/12/2020;82,5000;88,5000;
28/12/2020;82,7500;88,7500;
29/12/2020;83,0000;89,0000;
30/12/2020;83,2500;89,2500;
4/1/2021;83,5000;89,5000;
5/1/2021;83,7500;89,7500;
6/1/2021;83,7500;89,7500;
7/1/2021;84,0000;90,0000;
8/1/2021;84,0000;90,0000;
11/1/2021;84,2500;90,2500;
12/1/2021;84,5000;90,5000;
13/1/2021;84,5000;90,5000;
14/1/2021;84,7500;90,7500;
15/1/2021;84,7500;90,7500;
18/1/2021;85,0000;91,0000;
19/1/2021;85,2500;91,2500;
20/1/2021;85,2500;91,2500;
21/1/2021;85,5000;91,5000;
22/1/2021;85,7500;91,7500;
25/1/2021;86,0000;92,0000;
26/1/2021;86,0000;92,0000;
27/1/2021;86,0000;92,0000;
28/1/2021;86,0000;92,0000;
29/1/2021;86,2500;92,2500;
1/2/2021;86,5000;92,5000;
2/2/2021;86,5000;92,5000;
3/2/2021;86,5000;92,5000;
4/2/2021;86,7500;92,7500;
5/2/2021;87,0000;93,0000;
8/2/2021;87,2500;93,2500;
9/2/2021;87,2500;93,2500;
10/2/2021;87,2500;93,2500;
11/2/2021;87,5000;93,5000;
12/2/2021;87,5000;93,5000;
17/2/2021;87,7500;93,7500;
18/2/2021;87,7500;93,7500;
19/2/2021;88,0000;94,0000;
22/2/2021;88,2500;94,2500;
23/2/2021;88,2500;94,2500;
24/2/2021;88,5000;94,5000;
25/2/2021;88,5000;94,5000;
26/2/2021;88,5000;94,5000;
1/3/2021;88,7500;94,7500;
2/3/2021;89,0000;95,0000;
3/3/2021;89,0000;95,0000;
4/3/2021;89,0000;95,0000;
5/3/2021;89,0000;95,0000;
8/3/2021;89,2500;95,2500;
9/3/2021;89,5000;95,5000;
10/3/2021;89,5000;95,5000;
11/3/2021;89,7500;95,7500;
12/3/2021;89,7500;95,7500;
15/3/2021;90,0000;96,0000;
16/3/2021;90,2500;96,2500;
17/3/2021;90,2500;96,2500;
18/3/2021;90,5000;96,5000;
19/3/2021;90,5000;96,5000;
22/3/2021;90,7500;96,7500;
23/3/2021;91,0000;97,0000;
25/3/2021;91,0000;97,0000;
26/3/2021;91,2500;97,2500;
29/3/2021;91,2500;97,2500;
30/3/2021;91,2500;97,2500;
31/3/2021;91,5000;97,5000;
5/4/2021;91,7500;97,7500;
6/4/2021;91,7500;97,7500;
7/4/2021;92,0000;98,0000;
8/4/2021;92,0000;98,0000;
9/4/2021;92,0000;98,0000;
12/4/2021;92,0000;98,0000;
13/4/2021;92,0000;98,0000;
14/4/2021;92,2500;98,2500;
15/4/2021;92,2500;98,2500;
16/4/2021;92,2500;98,2500;
19/4/2021;92,2500;98,2500;
20/4/2021;92,2500;98,2500;
21/4/2021;92,2500;98,2500;
22/4/2021;92,2500;98,2500;
23/4/2021;92,2500;98,2500;
26/4/2021;92,5000;98,5000;
27/4/2021;92,5000;98,5000;
28/4/2021;92,5000;98,5000;
29/4/2021;92,5000;98,5000;
30/4/2021;92,5000;98,5000;
3/5/2021;92,7500;98,7500;
4/5/2021;92,7500;98,7500;
5/5/2021;92,7500;98,7500;
6/5/2021;92,7500;98,7500;
7/5/2021;93,0000;99,0000;
10/5/2021;93,0000;99,0000;
11/5/2021;93,0000;99,0000;
12/5/2021;93,0000;99,0000;
13/5/2021;93,0000;99,0000;
14/5/2021;93,0000;99,0000;
17/5/2021;93,2500;99,2500;
18/5/2021;93,2500;99,2500;
19/5/2021;93,2500;99,2500;
20/5/2021;93,2500;99,2500;
21/5/2021;93,5000;99,5000;
26/5/2021;93,5000;99,5000;
27/5/2021;93,7500;99,7500;
28/5/2021;93,7500;99,7500;
31/5/2021;93,7500;99,7500;
1/6/2021;94,0000;100,0000;
2/6/2021;94,0000;100,0000;
3/6/2021;94,0000;100,0000;
4/6/2021;94,0000;100,0000;
7/6/2021;94,0000;100,0000;
8/6/2021;94,0000;100,0000;
9/6/2021;94,0000;100,0000;
10/6/2021;94,0000;100,0000;
11/6/2021;94,0000;100,0000;
14/6/2021;94,2500;100,2500;
15/6/2021;94,2500;100,2500;
16/6/2021;94,2500;100,2500;
17/6/2021;94,2500;100,2500;
18/6/2021;94,2500;100,2500;
22/6/2021;94,2500;100,2500;
23/6/2021;94,5000;100,5000;
24/6/2021;94,5000;100,5000;
25/6/2021;94,5000;100,5000;
28/6/2021;94,5000;100,5000;
29/6/2021;94,7500;100,7500;
30/6/2021;94,7500;100,7500;
1/7/2021;94,7500;100,7500;
2/7/2021;94,7500;100,7500;
5/7/2021;95,0000;101,0000;
6/7/2021;95,0000;101,0000;
7/7/2021;95,0000;101,0000;
8/7/2021;95,0000;101,0000;
12/7/2021;95,0000;101,0000;
13/7/2021;95,2500;101,2500;
14/7/2021;95,2500;101,2500;
15/7/2021;95,2500;101,2500;
16/7/2021;95,2500;101,2500;
19/7/2021;95,5000;101,5000;
20/7/2021;95,5000;101,5000;
21/7/2021;95,5000;101,5000;
22/7/2021;95,5000;101,5000;
23/7/2021;95,5000;101,5000;
26/7/2021;95,5000;101,5000;
27/7/2021;95,7500;101,7500;
28/7/2021;95,7500;101,7500;
29/7/2021;95,7500;101,7500;
30/7/2021;95,7500;101,7500;
2/8/2021;95,7500;101,7500;
3/8/2021;96,0000;102,0000;
4/8/2021;96,0000;102,0000;
5/8/2021;96,0000;102,0000;
6/8/2021;96,0000;102,0000;
9/8/2021;96,0000;102,0000;
10/8/2021;96,0000;102,0000;
11/8/2021;96,0000;102,0000;
12/8/2021;96,0000;102,0000;
13/8/2021;96,2500;102,2500;
17/8/2021;96,2500;102,2500;
18/8/2021;96,2500;102,2500;
19/8/2021;96,5000;102,5000;
20/8/2021;96,5000;102,5000;
23/8/2021;96,5000;102,5000;
24/8/2021;96,5000;102,5000;
25/8/2021;96,5000;102,5000;
26/8/2021;96,7500;102,7500;
27/8/2021;96,7500;102,7500;
30/8/2021;96,7500;102,7500;
31/8/2021;96,7500;102,7500;
1/9/2021;97,0000;103,0000;
2/9/2021;97,0000;103,0000;
3/9/2021;97,0000;103,0000;
6/9/2021;97,0000;103,0000;
7/9/2021;97,0000;103,0000;
8/9/2021;97,2500;103,2500;
9/9/2021;97,2500;103,2500;
10/9/2021;97,2500;103,2500;
13/9/2021;97,2500;103,2500;
14/9/2021;97,2500;103,2500;
15/9/2021;97,5000;103,5000;
16/9/2021;97,5000;103,5000;
17/9/2021;97,5000;103,5000;
20/9/2021;97,7500;103,7500;
21/9/2021;97,7500;103,7500;
22/9/2021;97,7500;103,7500;
23/9/2021;97,7500;103,7500;
24/9/2021;97,7500;103,7500;
27/9/2021;97,7500;103,7500;
28/9/2021;97,7500;103,7500;
29/9/2021;97,7500;103,7500;
30/9/2021;98,0000;104,0000;
1/10/2021;98,0000;104,0000;
4/10/2021;98,0000;104,0000;
5/10/2021;98,2500;104,2500;
6/10/2021;98,2500;104,2500;
7/10/2021;98,2500;104,2500;
12/10/2021;98,2500;104,2500;
13/10/2021;98,2500;104,2500;
14/10/2021;98,2500;104,2500;
15/10/2021;98,5000;104,5000;
18/10/2021;98,5000;104,5000;
19/10/2021;98,7500;104,7500;
20/10/2021;98,7500;104,7500;
21/10/2021;98,7500;104,7500;
22/10/2021;98,7500;104,7500;
25/10/2021;98,7500;104,7500;
26/10/2021;98,7500;104,7500;
27/10/2021;99,0000;105,0000;
28/10/2021;99,0000;105,0000;
29/10/2021;99,0000;105,0000;
1/11/2021;99,0000;105,0000;
2/11/2021;99,0000;105,0000;
3/11/2021;99,0000;105,0000;
4/11/2021;99,2500;105,2500;
5/11/2021;99,2500;105,2500;
8/11/2021;99,2500;105,2500;
9/11/2021;99,2500;105,2500;
10/11/2021;99,2500;105,2500;
11/11/2021;99,2500;105,2500;
12/11/2021;99,2500;105,2500;
15/11/2021;99,5000;105,5000;
16/11/2021;99,5000;105,5000;
17/11/2021;99,5000;105,5000;
18/11/2021;99,5000;105,5000;
19/11/2021;99,5000;105,5000;
23/11/2021;99,7500;105,7500;
24/11/2021;99,7500;105,7500;
25/11/2021;99,7500;105,7500;
26/11/2021;99,7500;105,7500;
29/11/2021;99,7500;105,7500;
30/11/2021;100,0000;106,0000;
1/12/2021;100,2500;106,2500;
2/12/2021;100,2500;106,2500;
3/12/2021;100,2500;106,2500;
6/12/2021;100,2500;106,2500;
7/12/2021;100,5000;106,5000;
9/12/2021;100,7500;106,7500;
10/12/2021;100,7500;106,7500;
13/12/2021;100,7500;106,7500;
14/12/2021;101,0000;107,0000;
15/12/2021;101,0000;107,0000;
16/12/2021;101,0000;107,0000;
17/12/2021;101,0000;107,0000;
20/12/2021;101,0000;107,0000;
21/12/2021;101,0000;107,0000;
22/12/2021;101,2500;107,2500;
23/12/2021;101,2500;107,2500;
27/12/2021;101,5000;107,5000;
28/12/2021;101,7500;107,7500;
29/12/2021;101,7500;107,7500;
30/12/2021;101,7500;107,7500;
3/1/2022;102,0000;108,0000;
4/1/2022;102,0000;108,0000;
5/1/2022;102,0000;108,0000;
6/1/2022;102,2500;108,2500;
7/1/2022;102,5000;108,5000;
10/1/2022;102,5000;108,5000;
11/1/2022;102,5000;108,5000;
12/1/2022;102,7500;108,7500;
13/1/2022;102,7500;108,7500;
14/1/2022;102,7500;108,7500;
17/1/2022;103,0000;109,0000;
18/1/2022;103,0000;109,0000;
19/1/2022;103,0000;109,0000;
20/1/2022;103,0000;109,0000;
21/1/2022;103,2500;109,2500;
24/1/2022;103,5000;109,5000;
25/1/2022;103,5000;109,5000;
26/1/2022;103,5000;109,5000;
27/1/2022;104,0000;110,0000;
28/1/2022;104,2500;110,2500;
31/1/2022;104,2500;110,2500;
1/2/2022;104,2500;110,2500;
2/2/2022;104,2500;110,2500;
3/2/2022;104,5000;110,5000;
4/2/2022;104,7500;110,7500;
7/2/2022;105,0000;111,0000;
8/2/2022;105,0000;111,0000;
9/2/2022;105,0000;111,0000;
10/2/2022;105,2500;111,2500;
11/2/2022;105,2500;111,2500;
14/2/2022;105,7500;111,7500;
15/2/2022;106,0000;112,0000;
16/2/2022;106,0000;112,0000;
17/2/2022;106,0000;112,0000;
18/2/2022;106,0000;112,0000;
21/2/2022;106,2500;112,2500;
22/2/2022;106,5000;112,5000;
23/2/2022;106,5000;112,5000;
24/2/2022;106,5000;112,5000;
25/2/2022;106,5000;112,5000;
2/3/2022;107,0000;113,0000;
3/3/2022;107,2500;113,2500;
4/3/2022;107,2500;113,2500;
7/3/2022;107,7500;113,7500;
8/3/2022;107,7500;113,7500;
9/3/2022;108,0000;114,0000;
10/3/2022;108,0000;114,0000;
11/3/2022;108,0000;114,0000;
14/3/2022;108,2500;114,2500;
15/3/2022;108,5000;114,5000;
16/3/2022;108,5000;114,5000;
17/3/2022;108,5000;114,5000;
18/3/2022;108,7500;114,7500;
21/3/2022;109,0000;115,0000;
22/3/2022;109,2500;115,2500;
23/3/2022;109,5000;115,5000;
25/3/2022;109,5000;115,5000;
28/3/2022;109,7500;115,7500;
29/3/2022;109,7500;115,7500;
30/3/2022;110,0000;116,0000;
31/3/2022;110,0000;116,0000;
1/4/2022;110,2500;116,2500;
4/4/2022;110,7500;116,7500;
5/4/2022;110,7500;116,7500;
6/4/2022;111,0000;117,0000;
7/4/2022;111,2500;117,2500;
8/4/2022;111,2500;117,2500;
11/4/2022;111,7500;117,7500;
12/4/2022;111,7500;117,7500;
13/4/2022;112,0000;118,0000;
18/4/2022;112,5000;118,5000;
19/4/2022;112,7500;118,7500;
20/4/2022;113,0000;119,0000;
21/4/2022;113,2500;119,2500;
22/4/2022;113,5000;119,5000;
25/4/2022;113,5000;119,5000;
26/4/2022;113,7500;119,7500;
27/4/2022;113,7500;119,7500;
28/4/2022;113,7500;119,7500;
29/4/2022;114,2500;120,2500;
2/5/2022;114,5000;120,5000;
3/5/2022;115,0000;121,0000;
4/5/2022;115,2500;121,2500;
5/5/2022;115,2500;121,2500;
6/5/2022;115,7500;121,7500;
9/5/2022;115,7500;121,7500;
10/5/2022;116,0000;122,0000;
11/5/2022;116,2500;122,2500;
12/5/2022;116,5000;122,5000;
13/5/2022;117,0000;123,0000;
16/5/2022;117,0000;123,0000;
17/5/2022;117,2500;123,2500;
19/5/2022;117,5000;123,5000;
20/5/2022;117,7500;123,7500;
23/5/2022;118,0000;124,0000;
24/5/2022;118,2500;124,2500;
26/5/2022;118,2500;124,2500;
27/5/2022;118,5000;124,5000;
30/5/2022;119,0000;125,0000;
31/5/2022;119,2500;125,2500;
1/6/2022;119,2500;125,2500;
2/6/2022;119,5000;125,5000;
3/6/2022;120,0000;126,0000;
6/6/2022;120,2500;126,2500;
7/6/2022;120,2500;126,2500;
8/6/2022;120,5000;126,5000;
9/6/2022;120,7500;126,7500;
10/6/2022;121,0000;127,0000;
13/6/2022;121,2500;127,2500;
14/6/2022;121,5000;127,5000;
15/6/2022;121,7500;127,7500;
16/6/2022;121,7500;127,7500;
21/6/2022;122,5000;128,5000;
22/6/2022;122,5000;128,5000;
23/6/2022;122,7500;128,7500;
24/6/2022;122,7500;128,7500;
27/6/2022;123,7500;129,7500;
28/6/2022;123,7500;129,7500;
29/6/2022;123,7500;129,7500;
30/6/2022;124,0000;130,0000;
1/7/2022;124,2500;130,2500;
4/7/2022;125,5000;131,5000;
5/7/2022;125,7500;131,7500;
6/7/2022;126,0000;132,0000;
7/7/2022;125,7500;132,2500;
8/7/2022;126,2500;133,2500;
11/7/2022;126,7500;134,2500;
12/7/2022;126,7500;134,7500;
13/7/2022;127,0000;135,0000;
14/7/2022;127,0000;135,0000;
15/7/2022;127,0000;135,0000;
18/7/2022;127,2500;135,2500;
19/7/2022;127,7500;135,7500;
20/7/2022;127,7500;135,7500;
21/7/2022;128,0000;136,0000;
22/7/2022;128,0000;136,0000;
25/7/2022;128,7500;136,7500;
26/7/2022;129,0000;137,0000;
27/7/2022;129,2500;137,2500;
28/7/2022;129,2500;137,2500;
29/7/2022;129,2500;137,2500;
1/8/2022;130,2500;138,2500;
2/8/2022;130,5000;138,5000;
3/8/2022;130,7500;138,7500;
4/8/2022;130,7500;138,7500;
5/8/2022;130,7500;138,7500;
8/8/2022;131,7500;139,7500;
9/8/2022;132,0000;140,0000;
10/8/2022;132,0000;140,0000;
11/8/2022;132,0000;140,0000;
12/8/2022;133,0000;141,0000;
16/8/2022;133,7500;141,7500;
17/8/2022;134,0000;142,0000;
18/8/2022;134,0000;142,0000;
19/8/2022;134,2500;142,2500;
22/8/2022;135,5000;143,5000;
23/8/2022;135,7500;143,7500;
24/8/2022;136,0000;144,0000;
25/8/2022;136,0000;144,0000;
26/8/2022;136,2500;144,2500;
29/8/2022;137,0000;145,0000;
30/8/2022;137,0000;145,0000;
31/8/2022;137,0000;145,0000;
1/9/2022;137,0000;145,0000;
5/9/2022;138,0000;146,0000;
6/9/2022;138,5000;146,5000;
7/9/2022;139,0000;147,0000;
8/9/2022;139,5000;147,5000;
9/9/2022;139,5000;147,5000;
12/9/2022;140,7500;148,7500;
13/9/2022;141,0000;149,0000;
14/9/2022;141,0000;149,0000;
15/9/2022;141,0000;149,0000;
16/9/2022;141,0000;149,0000;
19/9/2022;142,0000;150,0000;
20/9/2022;142,5000;150,5000;
21/9/2022;142,7500;150,7500;
22/9/2022;143,0000;151,0000;
23/9/2022;143,2500;151,2500;
26/9/2022;144,2500;152,2500;
27/9/2022;144,7500;152,7500;
28/9/2022;145,0000;153,0000;
29/9/2022;145,0000;153,0000;
30/9/2022;145,2500;153,2500;
3/10/2022;146,2500;154,2500;
4/10/2022;147,0000;155,0000;
5/10/2022;147,2500;155,2500;
6/10/2022;147,2500;155,2500;
11/10/2022;149,0000;157,0000;
12/10/2022;149,2500;157,2500;
13/10/2022;149,2500;157,2500;
14/10/2022;149,2500;157,2500;
17/10/2022;150,7500;158,7500;
18/10/2022;151,0000;159,0000;
19/10/2022;151,0000;159,0000;
20/10/2022;151,5000;159,5000;
21/10/2022;151,5000;159,5000;
24/10/2022;153,0000;161,0000;
25/10/2022;153,5000;161,5000;
26/10/2022;153,5000;161,5000;
27/10/2022;153,5000;161,5000;
28/10/2022;153,5000;161,5000;
31/10/2022;154,5000;162,5000;
1/11/2022;155,0000;163,0000;
2/11/2022;155,5000;163,5000;
3/11/2022;156,0000;164,0000;
4/11/2022;156,5000;164,5000;
7/11/2022;157,5000;165,5000;
8/11/2022;158,0000;166,0000;
9/11/2022;158,5000;166,5000;
10/11/2022;159,0000;167,0000;
11/11/2022;159,0000;167,0000;
14/11/2022;159,5000;167,5000;
15/11/2022;160,5000;168,5000;
16/11/2022;161,0000;169,0000;
17/11/2022;161,2500;169,2500;
18/11/2022;161,2500;169,2500;
22/11/2022;162,2500;170,2500;
23/11/2022;163,2500;171,2500;
24/11/2022;163,7500;171,7500;
25/11/2022;163,7500;171,7500;
28/11/2022;164,7500;172,7500;
29/11/2022;165,7500;173,7500;
30/11/2022;166,2500;174,2500;
1/12/2022;166,2500;174,2500;
2/12/2022;166,7500;174,7500;
5/12/2022;167,7500;175,7500;
6/12/2022;168,0000;176,0000;
7/12/2022;168,0000;176,0000;
12/12/2022;170,0000;178,0000;
13/12/2022;170,5000;178,5000;
14/12/2022;170,5000;178,5000;
15/12/2022;170,5000;178,5000;
16/12/2022;171,0000;179,0000;
19/12/2022;172,0000;180,0000;
20/12/2022;172,0000;180,0000;
21/12/2022;172,5000;180,5000;
22/12/2022;172,5000;180,5000;
23/12/2022;173,0000;181,0000;
26/12/2022;174,5000;182,5000;
27/12/2022;174,5000;182,5000;
28/12/2022;175,0000;183,0000;
29/12/2022;175,2500;183,2500;
30/12/2022;175,2500;183,2500;
2/1/2023;176,7500;184,7500;
3/1/2023;177,7500;185,7500;
4/1/2023;177,7500;185,7500;
5/1/2023;177,7500;185,7500;
6/1/2023;177,7500;185,7500;
9/1/2023;179,2500;187,2500;
10/1/2023;179,7500;187,7500;
11/1/2023;179,7500;187,7500;
12/1/2023;179,7500;187,7500;
13/1/2023;179,7500;187,7500;
16/1/2023;181,0000;189,0000;
17/1/2023;181,2500;189,2500;
18/1/2023;181,2500;189,2500;
19/1/2023;181,2500;189,2500;
20/1/2023;181,7500;189,7500;
23/1/2023;183,2500;191,2500;
24/1/2023;183,5000;191,5000;
25/1/2023;183,5000;191,5000;
26/1/2023;184,2500;192,2500;
27/1/2023;184,2500;192,2500;
30/1/2023;185,2500;193,2500;
31/1/2023;186,0000;194,0000;
1/2/2023;186,5000;194,5000;
2/2/2023;186,5000;194,5000;
3/2/2023;187,0000;195,0000;
6/2/2023;188,0000;196,0000;
7/2/2023;188,2500;196,2500;
8/2/2023;188,2500;196,2500;
9/2/2023;188,2500;196,2500;
10/2/2023;189,2500;197,2500;
13/2/2023;189,7500;197,7500;
14/2/2023;190,0000;198,0000;
15/2/2023;190,2500;198,2500;
16/2/2023;190,5000;198,5000;
17/2/2023;191,2500;199,2500;
22/2/2023;192,5000;200,5000;
23/2/2023;194,0000;202,0000;
24/2/2023;194,2500;202,2500;
27/2/2023;195,5000;203,5000;
28/2/2023;196,0000;204,0000;
1/3/2023;196,0000;204,0000;
2/3/2023;197,0000;205,0000;
3/3/2023;197,5000;205,5000;
6/3/2023;198,2500;206,2500;
7/3/2023;198,2500;206,2500;
8/3/2023;198,7500;206,7500;
9/3/2023;198,7500;206,7500;
10/3/2023;199,0000;207,0000;
13/3/2023;200,2500;208,2500;
14/3/2023;200,7500;208,7500;
15/3/2023;201,0000;209,0000;
16/3/2023;201,5000;209,5000;
17/3/2023;202,0000;210,0000;
20/3/2023;203,0000;211,0000;
21/3/2023;203,7500;211,7500;
22/3/2023;204,2500;212,2500;
23/3/2023;204,5000;212,5000;
27/3/2023;205,5000;213,5000;
28/3/2023;206,5000;214,5000;
29/3/2023;207,0000;215,0000;
30/3/2023;207,5000;215,5000;
31/3/2023;207,5000;215,5000;
3/4/2023;208,5000;216,5000;
4/4/2023;209,5000;217,5000;
5/4/2023;210,5000;218,5000;
10/4/2023;212,2500;220,2500;
11/4/2023;212,7500;220,7500;
12/4/2023;212,7500;220,7500;
13/4/2023;212,7500;220,7500;
14/4/2023;213,0000;221,0000;
17/4/2023;214,5000;222,5000;
18/4/2023;215,0000;223,0000;
19/4/2023;216,0000;224,0000;
20/4/2023;216,5000;224,5000;
21/4/2023;217,0000;225,0000;
24/4/2023;218,0000;226,0000;
25/4/2023;218,5000;226,5000;
26/4/2023;219,5000;227,5000;
27/4/2023;220,5000;228,5000;
28/4/2023;221,0000;229,0000;
2/5/2023;222,5000;230,5000;
3/5/2023;224,0000;232,0000;
4/5/2023;225,0000;233,0000;
5/5/2023;226,0000;234,0000;
8/5/2023;228,0000;236,0000;
9/5/2023;227,0000;237,0000;
10/5/2023;227,5000;237,5000;
11/5/2023;228,0000;238,0000;
12/5/2023;228,5000;238,5000;
15/5/2023;230,0000;240,0000;
16/5/2023;230,5000;240,5000;
17/5/2023;231,0000;241,0000;
18/5/2023;231,5000;241,5000;
19/5/2023;232,0000;242,0000;
22/5/2023;233,5000;243,5000;
23/5/2023;234,0000;244,0000;
24/5/2023;235,0000;245,0000;
29/5/2023;238,0000;248,0000;
30/5/2023;237,5000;248,5000;
31/5/2023;237,0000;249,0000;
1/6/2023;237,5000;249,5000;
2/6/2023;238,5000;250,5000;
5/6/2023;239,5000;251,5000;
6/6/2023;240,5000;252,5000;
7/6/2023;240,5000;252,5000;
8/6/2023;241,0000;254,0000;
9/6/2023;241,5000;254,5000;
12/6/2023;242,5000;255,5000;
13/6/2023;243,0000;256,0000;
14/6/2023;243,5000;256,5000;
15/6/2023;245,0000;258,0000;
16/6/2023;246,0000;259,0000;
21/6/2023;249,5000;262,5000;
22/6/2023;250,5000;263,5000;
23/6/2023;251,5000;264,5000;
26/6/2023;252,5000;265,5000;
27/6/2023;253,0000;266,0000;
28/6/2023;253,5000;266,5000;
29/6/2023;254,0000;267,0000;
30/6/2023;255,0000;268,0000;
3/7/2023;257,0000;270,0000;
4/7/2023;257,5000;270,5000;
5/7/2023;258,5000;271,5000;
6/7/2023;259,0000;272,0000;
7/7/2023;260,0000;273,0000;
10/7/2023;261,5000;274,5000;
11/7/2023;262,0000;275,0000;
12/7/2023;262,5000;275,5000;
13/7/2023;263,5000;276,5000;
14/7/2023;264,0000;277,0000;
17/7/2023;266,0000;279,0000;
18/7/2023;266,0000;279,0000;
19/7/2023;266,5000;279,5000;
20/7/2023;267,0000;280,0000;
21/7/2023;268,5000;281,5000;
24/7/2023;270,5000;283,5000;
25/7/2023;270,5000;283,5000;
26/7/2023;271,0000;284,0000;
27/7/2023;271,0000;284,0000;
28/7/2023;272,0000;285,0000;
31/7/2023;273,5000;286,5000;
1/8/2023;274,5000;287,5000;
2/8/2023;275,5000;288,5000;
3/8/2023;277,0000;290,0000;
4/8/2023;278,0000;291,0000;
7/8/2023;280,0000;293,0000;
8/8/2023;281,0000;294,0000;
9/8/2023;282,0000;295,0000;
10/8/2023;283,0000;296,0000;
11/8/2023;285,5000;298,5000;
14/8/2023;347,5000;365,5000;
15/8/2023;347,5000;365,5000;
16/8/2023;347,5000;365,5000;
17/8/2023;347,5000;365,5000;
18/8/2023;347,5000;365,5000;
22/8/2023;347,5000;365,5000;
23/8/2023;347,5000;365,5000;
24/8/2023;347,5000;365,5000;
25/8/2023;347,5000;365,5000;
28/8/2023;347,5000;365,5000;
29/8/2023;347,5000;365,5000;
30/8/2023;347,5000;365,5000;
31/8/2023;347,5000;365,5000;
1/9/2023;347,5000;365,5000;
4/9/2023;347,5000;365,5000;
5/9/2023;347,5000;365,5000;
6/9/2023;347,5000;365,5000;
7/9/2023;347,5000;365,5000;
8/9/2023;347,5000;365,5000;
11/9/2023;347,5000;365,5000;
12/9/2023;347,5000;365,5000;
13/9/2023;347,5000;365,5000;
14/9/2023;347,5000;365,5000;
15/9/2023;347,5000;365,5000;
18/9/2023;347,5000;365,5000;
19/9/2023;347,5000;365,5000;
20/9/2023;347,5000;365,5000;
21/9/2023;347,5000;365,5000;
22/9/2023;347,5000;365,5000;
25/9/2023;347,5000;365,5000;
26/9/2023;347,5000;365,5000;
27/9/2023;347,5000;365,5000;
28/9/2023;347,5000;365,5000;
29/9/2023;347,5000;365,5000;
2/10/2023;347,5000;365,5000;
3/10/2023;347,5000;365,5000;
4/10/2023;347,5000;365,5000;
5/10/2023;347,5000;365,5000;
6/10/2023;347,5000;365,5000;
9/10/2023;347,5000;365,5000;
10/10/2023;347,5000;365,5000;
11/10/2023;347,5000;365,5000;
12/10/2023;347,5000;365,5000;
17/10/2023;347,5000;365,5000;
18/10/2023;347,5000;365,5000;
19/10/2023;347,5000;365,5000;
20/10/2023;347,5000;365,5000;
23/10/2023;347,5000;365,5000;
24/10/2023;347,5000;365,5000;
25/10/2023;347,5000;365,5000;
26/10/2023;347,5000;365,5000;
27/10/2023;347,5000;365,5000;
30/10/2023;347,5000;365,5000;
31/10/2023;347,5000;365,5000;
1/11/2023;347,5000;365,5000;
2/11/2023;347,5000;365,5000;
3/11/2023;347,5000;365,5000;
7/11/2023;347,5000;365,5000;
8/11/2023;347,5000;365,5000;
9/11/2023;347,5000;365,5000;
10/11/2023;347,5000;365,5000;
13/11/2023;347,5000;365,5000;
14/11/2023;347,5000;365,5000;
15/11/2023;350,5000;368,5000;
16/11/2023;351,0000;369,0000;
17/11/2023;351,5000;369,5000;
21/11/2023;353,5000;371,5000;
22/11/2023;354,0000;372,0000;
23/11/2023;354,5000;372,5000;
24/11/2023;355,0000;373,0000;
27/11/2023;356,5000;374,5000;
28/11/2023;357,0000;375,0000;
29/11/2023;357,5000;375,5000;
30/11/2023;358,0000;376,0000;
1/12/2023;358,5000;376,5000;
4/12/2023;360,0000;378,0000;
5/12/2023;360,5000;378,5000;
6/12/2023;361,0000;379,0000;
7/12/2023;382,5000;400,5000;
11/12/2023;365,5000;400,5000;
12/12/2023;365,5000;400,5000;
13/12/2023;780,0000;820,0000;
14/12/2023;780,6200;820,6200;
15/12/2023;781,0000;821,0000;
18/12/2023;782,5000;822,5000;
19/12/2023;783,0000;823,0000;
20/12/2023;783,5000;823,5000;
21/12/2023;784,0000;824,0000;
22/12/2023;784,5000;824,5000;
26/12/2023;786,7500;826,7500;
27/12/2023;787,2500;827,2500;
28/12/2023;787,7500;827,7500;
29/12/2023;788,2500;828,2500;
2/1/2024;790,2500;830,2500;
3/1/2024;791,0000;831,0000;
4/1/2024;791,5000;831,5000;
5/1/2024;792,0000;832,0000;
8/1/2024;793,5000;833,5000;
9/1/2024;794,0000;834,0000;
10/1/2024;794,5000;834,5000;
11/1/2024;795,0000;835,0000;
12/1/2024;795,5000;835,5000;
15/1/2024;797,2500;837,2500;
16/1/2024;797,7500;837,7500;
17/1/2024;798,2500;838,2500;
18/1/2024;798,7500;838,7500;
19/1/2024;799,2500;839,2500;
22/1/2024;800,7500;840,7500;
23/1/2024;801,2500;841,2500;
24/1/2024;801,7500;841,7500;
25/1/2024;802,2500;842,2500;
26/1/2024;802,7500;842,7500;
29/1/2024;804,5000;844,5000;
30/1/2024;805,0000;845,0000;
31/1/2024;805,5000;845,5000;
1/2/2024;806,0000;846,0000;
2/2/2024;806,5000;846,5000;
5/2/2024;808,0000;848,0000;
6/2/2024;808,5000;848,5000;
7/2/2024;809,0000;849,0000;
8/2/2024;809,5000;849,5000;
9/2/2024;810,0000;850,0000;
14/2/2024;813,0000;853,0000;
15/2/2024;813,5000;853,5000;
16/2/2024;814,0000;854,0000;
19/2/2024;815,5000;855,5000;
20/2/2024;816,0000;856,0000;
21/2/2024;816,5000;856,5000;
22/2/2024;817,0000;857,0000;
23/2/2024;817,5000;857,5000;
26/2/2024;819,5000;859,5000;
27/2/2024;820,0000;860,0000;
28/2/2024;820,5000;860,5000;
29/2/2024;821,0000;861,0000;
1/3/2024;821,5000;861,5000;
4/3/2024;823,0000;863,0000;
5/3/2024;824,0000;864,0000;
6/3/2024;824,5000;864,5000;
7/3/2024;825,0000;865,0000;
8/3/2024;825,5000;865,5000;
11/3/2024;827,0000;867,0000;
12/3/2024;827,5000;867,5000;
13/3/2024;828,5000;868,5000;
14/3/2024;829,0000;869,0000;
15/3/2024;829,5000;869,5000;
18/3/2024;831,0000;871,0000;
19/3/2024;831,5000;871,5000;
20/3/2024;832,0000;872,0000;
21/3/2024;832,5000;872,5000;
22/3/2024;833,5000;873,5000;
25/3/2024;835,0000;875,0000;
26/3/2024;835,5000;875,5000;
27/3/2024;836,0000;876,0000;
3/4/2024;840,0000;880,0000;
4/4/2024;840,5000;880,5000;
5/4/2024;841,5000;881,5000;
8/4/2024;843,0000;883,0000;
9/4/2024;843,5000;883,5000;
10/4/2024;844,0000;884,0000;
11/4/2024;844,5000;884,5000;
12/4/2024;845,5000;885,5000;
15/4/2024;847,0000;887,0000;
16/4/2024;847,5000;887,5000;
17/4/2024;848,0000;888,0000;
18/4/2024;848,5000;888,5000;
19/4/2024;850,0000;890,0000;
22/4/2024;852,0000;892,0000;
23/4/2024;852,0000;892,0000;
24/4/2024;852,5000;892,5000;
25/4/2024;853,0000;893,0000;
26/4/2024;854,0000;894,0000;
29/4/2024;855,5000;895,5000;
30/4/2024;856,0000;896,0000;
2/5/2024;857,0000;897,0000;
3/5/2024;857,5000;897,5000;
6/5/2024;859,0000;899,0000;
7/5/2024;859,5000;899,5000;
8/5/2024;860,5000;900,5000;
9/5/2024;861,0000;901,0000;
10/5/2024;861,5000;901,5000;
13/5/2024;863,0000;903,0000;
14/5/2024;864,0000;904,0000;
15/5/2024;864,5000;904,5000;
16/5/2024;865,0000;905,0000;
17/5/2024;865,5000;905,5000;
20/5/2024;867,5000;907,5000;
21/5/2024;868,0000;908,0000;
22/5/2024;868,5000;908,5000;
23/5/2024;869,0000;909,0000;
24/5/2024;869,5000;909,5000;
27/5/2024;871,5000;911,5000;
28/5/2024;872,5000;912,5000;
29/5/2024;873,0000;913,0000;
30/5/2024;873,0000;913,0000;
31/5/2024;874,0000;914,0000;
3/6/2024;876,0000;916,0000;
4/6/2024;876,5000;916,5000;
5/6/2024;876,5000;916,5000;
6/6/2024;878,0000;918,0000;
7/6/2024;878,0000;918,0000;
10/6/2024;880,5000;920,5000;
11/6/2024;881,0000;921,0000;
12/6/2024;881,5000;921,5000;
13/6/2024;881,5000;921,5000;
14/6/2024;882,0000;922,0000;
18/6/2024;884,0000;924,0000;
19/6/2024;884,5000;924,5000;
24/6/2024;887,0000;927,0000;
25/6/2024;887,5000;927,5000;
26/6/2024;888,0000;928,0000;
27/6/2024;889,5000;929,5000;
28/6/2024;890,5000;930,5000;
1/7/2024;892,5000;932,5000;
2/7/2024;893,0000;933,0000;
3/7/2024;893,5000;933,5000;
4/7/2024;894,0000;934,0000;
5/7/2024;894,5000;934,5000;
8/7/2024;896,5000;936,5000;
10/7/2024;897,5000;937,5000;
11/7/2024;898,0000;938,0000;
12/7/2024;900,0000;940,0000;
15/7/2024;900,5000;940,5000;
16/7/2024;901,0000;941,0000;
17/7/2024;902,0000;942,0000;
18/7/2024;902,5000;942,5000;
19/7/2024;904,5000;944,5000;
22/7/2024;906,0000;946,0000;
23/7/2024;906,0000;946,0000;
24/7/2024;906,5000;946,5000;
25/7/2024;907,5000;947,5000;
26/7/2024;910,0000;950,0000;
29/7/2024;910,5000;950,5000;
30/7/2024;911,0000;951,0000;
31/7/2024;911,5000;951,5000;
1/8/2024;911,5000;951,5000;
2/8/2024;913,5000;953,5000;
5/8/2024;914,0000;954,0000;
6/8/2024;914,5000;954,5000;
7/8/2024;915,5000;955,5000;
8/8/2024;915,5000;955,5000;
9/8/2024;917,5000;957,5000;
12/8/2024;918,0000;958,0000;
13/8/2024;918,5000;958,5000;
14/8/2024;919,0000;959,0000;
15/8/2024;920,0000;960,0000;
16/8/2024;922,0000;962,0000;
19/8/2024;923,0000;963,0000;
20/8/2024;923,0000;963,0000;
21/8/2024;923,5000;963,5000;
22/8/2024;924,0000;964,0000;
23/8/2024;926,0000;966,0000;
26/8/2024;928,0000;968,0000;
27/8/2024;929,5000;969,5000;
28/8/2024;929,5000;969,5000;
29/8/2024;930,0000;970,0000;
30/8/2024;932,0000;972,0000;
2/9/2024;933,0000;973,0000;
3/9/2024;933,0000;973,0000;
4/9/2024;933,5000;973,5000;
5/9/2024;934,0000;974,0000;
6/9/2024;936,5000;976,5000;
9/9/2024;937,0000;977,0000;
10/9/2024;938,0000;978,0000;
11/9/2024;938,0000;978,0000;
12/9/2024;938,5000;978,5000;
13/9/2024;940,5000;980,5000;
16/9/2024;942,0000;982,0000;
17/9/2024;942,0000;982,0000;
18/9/2024;942,0000;982,0000;
19/9/2024;943,5000;983,5000;
20/9/2024;945,0000;985,0000;
